ARC,TYPE,DESCENT,LINE,REND,FROM,TO
CRA001,child,nonlineal,central,red,CRN001,CRN002
CRA003,child,nonlineal,central,brown,CRN001,CRN003
CRA002,child,lineal,central,red,CRN001,CRN006
CRA001,child,nonlineal,central,red,CRN001,CRN002
CRA003,child,nonlineal,central,brown,CRN001,CRN003
CRA006,child,nonlineal,central,brown,CRN003,CRN004
CRA007,child,nonlineal,central,brown,CRN004,CRN005
CRA006,child,nonlineal,central,brown,CRN003,CRN004
CRA007,child,nonlineal,central,brown,CRN004,CRN005
CRA005,child,lineal,central,red,CRN006,CRN091
CRA004,child,lineal,japhet,green,CRN006,CRN007
CRA002,child,lineal,central,red,CRN001,CRN006
CRA004,child,lineal,japhet,green,CRN006,CRN007
CRA008,child,lineal,japhet,green,CRN007,CRN008
CRA008,child,lineal,japhet,green,CRN007,CRN008
CRA009,child,lineal,japhet,green,CRN008,CRN009
CRA010,child,lineal,japhet,green,CRN009,CRN010
CRA009,child,lineal,japhet,green,CRN008,CRN009
CRA011,child,lineal,japhet,green,CRN010,CRN011
CRA010,child,lineal,japhet,green,CRN009,CRN010
CRA012,child,lineal,japhet,green,CRN011,CRN012
CRA011,child,lineal,japhet,green,CRN010,CRN011
CRA012,child,lineal,japhet,green,CRN011,CRN012
CRA013,child,lineal,japhet,green,CRN012,CRN013
CRA014,child,lineal,japhet,green,CRN013,CRN014
CRA013,child,lineal,japhet,green,CRN012,CRN013
CRA015,child,nonlineal,japhet,blue,CRN014,CRN015
CRA016,child,nonlineal,japhet,green,CRN014,CRN016
CRA021,child,lineal,japhet,green,CRN014,CRN021
CRA018,child,nonlineal,japhet,blue,CRN014,CRN018
CRA014,child,lineal,japhet,green,CRN013,CRN014
CRA022,child,nonlineal,japhet,blue,CRN014,CRN022
CRA020,child,nonlineal,japhet,red,CRN014,CRN020
CRA017,child,nonlineal,japhet,red,CRN014,CRN017
CRA019,child,nonlineal,japhet,brown,CRN014,CRN019
CRA023,child,nonlineal,japhet,red,CRN014,CRN023
CRA015,child,nonlineal,japhet,blue,CRN014,CRN015
CRA016,child,nonlineal,japhet,green,CRN014,CRN016
CRA017,child,nonlineal,japhet,red,CRN014,CRN017
CRA018,child,nonlineal,japhet,blue,CRN014,CRN018
CRA019,child,nonlineal,japhet,brown,CRN014,CRN019
CRA020,child,nonlineal,japhet,red,CRN014,CRN020
CRA021,child,lineal,japhet,green,CRN014,CRN021
CRA024,child,lineal,japhet,green,CRN021,CRN024
CRA022,child,nonlineal,japhet,blue,CRN014,CRN022
CRA023,child,nonlineal,japhet,red,CRN014,CRN023
CRA025,child,lineal,japhet,green,CRN024,CRN025
CRA024,child,lineal,japhet,green,CRN021,CRN024
CRA025,child,lineal,japhet,green,CRN024,CRN025
CRA026,child,lineal,japhet,green,CRN025,CRN026
CRA027,child,lineal,japhet,green,CRN026,CRN027
CRA026,child,lineal,japhet,green,CRN025,CRN026
CRA027,child,lineal,japhet,green,CRN026,CRN027
CRA028,child,lineal,japhet,green,CRN027,CRN028
CRA028,child,lineal,japhet,green,CRN027,CRN028
CRA029,child,lineal,japhet,green,CRN028,CRN029
CRA030,child,lineal,japhet,green,CRN029,CRN030
CRA029,child,lineal,japhet,green,CRN028,CRN029
CRA031,child,lineal,japhet,green,CRN030,CRN031
CRA030,child,lineal,japhet,green,CRN029,CRN030
CRA031,child,lineal,japhet,green,CRN030,CRN031
CRA032,child,lineal,japhet,green,CRN031,CRN032
CRA033,child,lineal,japhet,green,CRN032,CRN033
CRA032,child,lineal,japhet,green,CRN031,CRN032
CRA034,child,lineal,japhet,green,CRN033,CRN034
CRA033,child,lineal,japhet,green,CRN032,CRN033
CRA034,child,lineal,japhet,green,CRN033,CRN034
CRA035,child,lineal,japhet,green,CRN034,CRN035
CRA036,child,lineal,japhet,green,CRN035,CRN036
CRA035,child,lineal,japhet,green,CRN034,CRN035
CRA036,child,lineal,japhet,green,CRN035,CRN036
CRA037,child,lineal,japhet,green,CRN036,CRN037
CRA038,child,lineal,japhet,green,CRN037,CRN038
CRA037,child,lineal,japhet,green,CRN036,CRN037
CRA039,child,lineal,japhet,green,CRN038,CRN039
CRA038,child,lineal,japhet,green,CRN037,CRN038
CRA040,child,lineal,japhet,green,CRN039,CRN040
CRA039,child,lineal,japhet,green,CRN038,CRN039
CRA040,child,lineal,japhet,green,CRN039,CRN040
CRA041,child,lineal,japhet,green,CRN040,CRN041
CRA041,child,lineal,japhet,green,CRN040,CRN041
CRA042,child,lineal,japhet,green,CRN041,CRN042
CRA043,child,lineal,japhet,green,CRN042,CRN043
CRA042,child,lineal,japhet,green,CRN041,CRN042
CRA043,child,lineal,japhet,green,CRN042,CRN043
CRA044,child,lineal,japhet,green,CRN043,CRN044
CRA045,child,lineal,japhet,green,CRN044,CRN045
CRA044,child,lineal,japhet,green,CRN043,CRN044
CRA045,child,lineal,japhet,green,CRN044,CRN045
CRA046,child,lineal,japhet,green,CRN045,CRN046
CRA047,child,lineal,japhet,green,CRN046,CRN047
CRA046,child,lineal,japhet,green,CRN045,CRN046
CRA048,child,lineal,japhet,green,CRN047,CRN048
CRA047,child,lineal,japhet,green,CRN046,CRN047
CRA048,child,lineal,japhet,green,CRN047,CRN048
CRA049,child,lineal,japhet,green,CRN048,CRN049
CRA050,spouse,lineal,japhet,green,CRN049,CRN050
CRA049,child,lineal,japhet,green,CRN048,CRN049
CRA053,child,lineal,japhet,black,CRN050,CRN063
CRA050,spouse,lineal,japhet,green,CRN049,CRN050
CRA055,child,lineal,japhet,red,CRN050,CRN081
CRA054,child,lineal,japhet,none,CRN050,CRN073
CRA051,child,lineal,japhet,red,CRN050,CRN051
CRA052,child,lineal,japhet,blue,CRN050,CRN055
CRA056,child,lineal,heptarchy,red,CRN051,CRN052
CRA051,child,lineal,japhet,red,CRN050,CRN051
CRA057,child,lineal,heptarchy,red,CRN052,CRN053
CRA056,child,lineal,heptarchy,red,CRN051,CRN052
CRA058,kingdom,lineal,heptarchy,red,CRN053,CRN054
CRA057,child,lineal,heptarchy,red,CRN052,CRN053
CRA058,kingdom,lineal,heptarchy,red,CRN053,CRN054
CRA305,kingdom,lineal,heptarchy,red,CRN054,CRN288
CRA052,child,lineal,japhet,blue,CRN050,CRN055
CRA059,child,lineal,heptarchy,blue,CRN055,CRN056
CRA060,child,lineal,heptarchy,blue,CRN056,CRN057
CRA059,child,lineal,heptarchy,blue,CRN055,CRN056
CRA060,child,lineal,heptarchy,blue,CRN056,CRN057
CRA061,child,lineal,heptarchy,blue,CRN057,CRN058
CRA062,child,lineal,heptarchy,blue,CRN058,CRN059
CRA061,child,lineal,heptarchy,blue,CRN057,CRN058
CRA063,child,lineal,heptarchy,blue,CRN059,CRN060
CRA062,child,lineal,heptarchy,blue,CRN058,CRN059
CRA064,child,lineal,heptarchy,blue,CRN060,CRN061
CRA063,child,lineal,heptarchy,blue,CRN059,CRN060
CRA064,child,lineal,heptarchy,blue,CRN060,CRN061
CRA065,kingdom,lineal,heptarchy,blue,CRN061,CRN062
CRA065,kingdom,lineal,heptarchy,blue,CRN061,CRN062
CRA066,kingdom,lineal,heptarchy,blue,CRN062,CRN307
CRA053,child,lineal,japhet,black,CRN050,CRN063
CRA067,child,lineal,heptarchy,black,CRN063,CRN064
CRA067,child,lineal,heptarchy,black,CRN063,CRN064
CRA068,child,lineal,heptarchy,red,CRN064,CRN065
CRA069,child,lineal,heptarchy,red,CRN065,CRN066
CRA068,child,lineal,heptarchy,red,CRN064,CRN065
CRA069,child,lineal,heptarchy,red,CRN065,CRN066
CRA070,child,lineal,heptarchy,red,CRN066,CRN067
CRA071,child,lineal,heptarchy,red,CRN067,CRN068
CRA070,child,lineal,heptarchy,red,CRN066,CRN067
CRA071,child,lineal,heptarchy,red,CRN067,CRN068
CRA072,child,lineal,heptarchy,red,CRN068,CRN069
CRA073,child,lineal,heptarchy,red,CRN069,CRN070
CRA072,child,lineal,heptarchy,red,CRN068,CRN069
CRA075,kingdom,lineal,heptarchy,brown,CRN070,CRN072
CRA073,child,lineal,heptarchy,red,CRN069,CRN070
CRA074,kingdom,lineal,heptarchy,red,CRN070,CRN071
CRA335,kingdom,lineal,heptarchy,red,CRN071,CRN319
CRA091,kingdom,nonlineal,heptarchy,green,CRN088,CRN071
CRA074,kingdom,lineal,heptarchy,red,CRN070,CRN071
CRA387,kingdom,lineal,heptarchy,none,CRN072,CRN371
CRA075,kingdom,lineal,heptarchy,brown,CRN070,CRN072
CRA076,child,lineal,heptarchy,green,CRN073,CRN074
CRA054,child,lineal,japhet,none,CRN050,CRN073
CRA076,child,lineal,heptarchy,green,CRN073,CRN074
CRA077,child,lineal,heptarchy,green,CRN074,CRN075
CRA078,child,lineal,heptarchy,green,CRN075,CRN076
CRA077,child,lineal,heptarchy,green,CRN074,CRN075
CRA078,child,lineal,heptarchy,green,CRN075,CRN076
CRA079,child,lineal,heptarchy,green,CRN076,CRN077
CRA080,child,lineal,heptarchy,green,CRN077,CRN078
CRA079,child,lineal,heptarchy,green,CRN076,CRN077
CRA080,child,lineal,heptarchy,green,CRN077,CRN078
CRA081,child,lineal,heptarchy,green,CRN078,CRN079
CRA082,kingdom,lineal,heptarchy,green,CRN079,CRN080
CRA081,child,lineal,heptarchy,green,CRN078,CRN079
CRA082,kingdom,lineal,heptarchy,green,CRN079,CRN080
CRA357,kingdom,lineal,heptarchy,green,CRN080,CRN341
CRA055,child,lineal,japhet,red,CRN050,CRN081
CRA083,child,lineal,heptarchy,red,CRN081,CRN082
CRA084,child,lineal,heptarchy,red,CRN082,CRN083
CRA083,child,lineal,heptarchy,red,CRN081,CRN082
CRA084,child,lineal,heptarchy,red,CRN082,CRN083
CRA085,child,lineal,heptarchy,red,CRN083,CRN084
CRA085,child,lineal,heptarchy,red,CRN083,CRN084
CRA086,child,lineal,heptarchy,red,CRN084,CRN085
CRA086,child,lineal,heptarchy,red,CRN084,CRN085
CRA087,child,lineal,heptarchy,red,CRN085,CRN086
CRA087,child,lineal,heptarchy,red,CRN085,CRN086
CRA088,child,lineal,heptarchy,red,CRN086,CRN087
CRA089,child,lineal,heptarchy,red,CRN087,CRN088
CRA088,child,lineal,heptarchy,red,CRN086,CRN087
CRA089,child,lineal,heptarchy,red,CRN087,CRN088
CRA091,kingdom,nonlineal,heptarchy,green,CRN088,CRN071
CRA090,kingdom,lineal,heptarchy,red,CRN088,CRN089
CRA371,kingdom,lineal,heptarchy,none,CRN089,CRN355
CRA090,kingdom,lineal,heptarchy,red,CRN088,CRN089
CRA404,kingdom,lineal,heptarchy,red,CRN090,CRN388
CRA005,child,lineal,central,red,CRN006,CRN091
CRA092,child,lineal,central,red,CRN091,CRN092
CRA092,child,lineal,central,red,CRN091,CRN092
CRA093,child,lineal,central,red,CRN092,CRN093
CRA094,child,lineal,central,red,CRN093,CRN094
CRA093,child,lineal,central,red,CRN092,CRN093
CRA094,child,lineal,central,red,CRN093,CRN094
CRA095,child,lineal,central,red,CRN094,CRN095
CRA095,child,lineal,central,red,CRN094,CRN095
CRA096,child,lineal,central,red,CRN095,CRN096
CRA097,child,lineal,central,red,CRN096,CRN097
CRA096,child,lineal,central,red,CRN095,CRN096
CRA098,child,lineal,central,red,CRN097,CRN098
CRA097,child,lineal,central,red,CRN096,CRN097
CRA098,child,lineal,central,red,CRN097,CRN098
CRA099,child,lineal,central,red,CRN098,CRN099
CRA099,child,lineal,central,red,CRN098,CRN099
CRA100,child,lineal,central,red,CRN099,CRN100
CRA102,child,lineal,central,red,CRN100,CRN105
CRA101,child,nonlineal,central,red,CRN100,CRN101
CRA100,child,lineal,central,red,CRN099,CRN100
CRA103,child,nonlineal,central,none,CRN101,CRN102
CRA101,child,nonlineal,central,red,CRN100,CRN101
CRA102,child,lineal,central,red,CRN100,CRN105
CRA106,child,lineal,central,red,CRN105,CRN106
CRA104,child,nonlineal,central,none,CRN102,CRN103
CRA103,child,nonlineal,central,none,CRN101,CRN102
CRA104,child,nonlineal,central,none,CRN102,CRN103
CRA105,child,nonlineal,central,none,CRN103,CRN104
CRA105,child,nonlineal,central,none,CRN103,CRN104
CRA107,child,lineal,central,red,CRN106,CRN107
CRA106,child,lineal,central,red,CRN105,CRN106
CRA108,child,lineal,central,brown,CRN107,CRN108
CRA107,child,lineal,central,red,CRN106,CRN107
CRA109,child,nonlineal,central,red,CRN108,CRN109
CRA113,child,lineal,central,red,CRN108,CRN113
CRA108,child,lineal,central,brown,CRN107,CRN108
CRA109,child,nonlineal,central,red,CRN108,CRN109
CRA110,child,nonlineal,central,none,CRN109,CRN110
CRA111,child,nonlineal,central,red,CRN110,CRN111
CRA110,child,nonlineal,central,none,CRN109,CRN110
CRA111,child,nonlineal,central,red,CRN110,CRN111
CRA112,other,nonlineal,central,red,CRN111,CRN112
CRA112,other,nonlineal,central,red,CRN111,CRN112
CRA113,child,lineal,central,red,CRN108,CRN113
CRA114,child,lineal,central,red,CRN113,CRN114
CRA114,child,lineal,central,red,CRN113,CRN114
CRA115,child,lineal,central,red,CRN114,CRN115
CRA117,child,lineal,welsh,green,CRN115,CRN117
CRA118,child,lineal,central,red,CRN115,CRN185
CRA116,child,nonlineal,cental,red,CRN115,CRN116
CRA115,child,lineal,central,red,CRN114,CRN115
CRA116,child,nonlineal,cental,red,CRN115,CRN116
CRA117,child,lineal,welsh,green,CRN115,CRN117
CRA120,child,lineal,welsh,green,CRN117,CRN118
CRA121,child,lineal,welsh,green,CRN118,CRN119
CRA120,child,lineal,welsh,green,CRN117,CRN118
CRA122,child,lineal,welsh,green,CRN119,CRN120
CRA121,child,lineal,welsh,green,CRN118,CRN119
CRA122,child,lineal,welsh,green,CRN119,CRN120
CRA123,child,lineal,welsh,green,CRN120,CRN121
CRA123,child,lineal,welsh,green,CRN120,CRN121
CRA124,child,lineal,welsh,green,CRN121,CRN122
CRA124,child,lineal,welsh,green,CRN121,CRN122
CRA125,child,lineal,welsh,green,CRN122,CRN123
CRA126,child,lineal,welsh,green,CRN123,CRN124
CRA125,child,lineal,welsh,green,CRN122,CRN123
CRA127,child,lineal,welsh,green,CRN124,CRN125
CRA126,child,lineal,welsh,green,CRN123,CRN124
CRA128,child,lineal,welsh,green,CRN125,CRN126
CRA127,child,lineal,welsh,green,CRN124,CRN125
CRA128,child,lineal,welsh,green,CRN125,CRN126
CRA129,child,lineal,welsh,green,CRN126,CRN127
CRA129,child,lineal,welsh,green,CRN126,CRN127
CRA130,child,lineal,welsh,green,CRN127,CRN128
CRA131,child,lineal,welsh,green,CRN128,CRN129
CRA130,child,lineal,welsh,green,CRN127,CRN128
CRA131,child,lineal,welsh,green,CRN128,CRN129
CRA132,child,lineal,welsh,green,CRN129,CRN130
CRA133,child,lineal,welsh,green,CRN130,CRN131
CRA132,child,lineal,welsh,green,CRN129,CRN130
CRA133,child,lineal,welsh,green,CRN130,CRN131
CRA134,child,lineal,welsh,green,CRN131,CRN132
CRA135,child,lineal,welsh,green,CRN132,CRN133
CRA134,child,lineal,welsh,green,CRN131,CRN132
CRA135,child,lineal,welsh,green,CRN132,CRN133
CRA136,child,lineal,welsh,green,CRN133,CRN134
CRA136,child,lineal,welsh,green,CRN133,CRN134
CRA137,child,lineal,welsh,green,CRN134,CRN135
CRA138,child,lineal,welsh,green,CRN135,CRN136
CRA137,child,lineal,welsh,green,CRN134,CRN135
CRA138,child,lineal,welsh,green,CRN135,CRN136
CRA139,child,lineal,welsh,green,CRN136,CRN137
CRA139,child,lineal,welsh,green,CRN136,CRN137
CRA140,child,lineal,welsh,green,CRN137,CRN138
CRA141,child,lineal,welsh,green,CRN138,CRN139
CRA140,child,lineal,welsh,green,CRN137,CRN138
CRA142,child,lineal,welsh,green,CRN139,CRN140
CRA141,child,lineal,welsh,green,CRN138,CRN139
CRA142,child,lineal,welsh,green,CRN139,CRN140
CRA143,child,lineal,welsh,green,CRN140,CRN141
CRA143,child,lineal,welsh,green,CRN140,CRN141
CRA144,child,lineal,welsh,green,CRN141,CRN142
CRA145,same,lineal,welsh,green,CRN142,CRN143
CRA144,child,lineal,welsh,green,CRN141,CRN142
CRA146,child,lineal,welsh,green,CRN143,CRN144
CRA145,same,lineal,welsh,green,CRN142,CRN143
CRA147,sibling,lineal,welsh,green,CRN144,CRN145
CRA146,child,lineal,welsh,green,CRN143,CRN144
CRA148,child,lineal,welsh,green,CRN145,CRN146
CRA147,sibling,lineal,welsh,green,CRN144,CRN145
CRA148,child,lineal,welsh,green,CRN145,CRN146
CRA149,child,lineal,welsh,green,CRN146,CRN147
CRA150,child,lineal,welsh,green,CRN147,CRN148
CRA149,child,lineal,welsh,green,CRN146,CRN147
CRA150,child,lineal,welsh,green,CRN147,CRN148
CRA151,child,lineal,welsh,green,CRN148,CRN149
CRA152,child,lineal,welsh,green,CRN149,CRN150
CRA151,child,lineal,welsh,green,CRN148,CRN149
CRA153,nonfamlial,lineal,welsh,green,CRN150,CRN151
CRA152,child,lineal,welsh,green,CRN149,CRN150
CRA153,nonfamlial,lineal,welsh,green,CRN150,CRN151
CRA154,other,lineal,welsh,green,CRN151,CRN152
CRA155,nonfamilial,lineal,welsh,green,CRN152,CRN153
CRA154,other,lineal,welsh,green,CRN151,CRN152
CRA156,child,lineal,welsh,green,CRN153,CRN154
CRA155,nonfamilial,lineal,welsh,green,CRN152,CRN153
CRA157,child,lineal,welsh,green,CRN154,CRN155
CRA156,child,lineal,welsh,green,CRN153,CRN154
CRA158,unspecified,lineal,welsh,green,CRN155,CRN156
CRA157,child,lineal,welsh,green,CRN154,CRN155
CRA158,unspecified,lineal,welsh,green,CRN155,CRN156
CRA159,unspecified,lineal,welsh,green,CRN156,CRN157
CRA160,child,lineal,welsh,green,CRN157,CRN158
CRA159,unspecified,lineal,welsh,green,CRN156,CRN157
CRA161,child,lineal,welsh,green,CRN158,CRN159
CRA175,child,lineal,welsh,red,CRN158,CRN173
CRA160,child,lineal,welsh,green,CRN157,CRN158
CRA161,child,lineal,welsh,green,CRN158,CRN159
CRA162,child,lineal,welsh,green,CRN159,CRN160
CRA163,child,lineal,welsh,green,CRN160,CRN161
CRA162,child,lineal,welsh,green,CRN159,CRN160
CRA163,child,lineal,welsh,green,CRN160,CRN161
CRA164,child,lineal,welsh,green,CRN161,CRN162
CRA165,child,lineal,welsh,green,CRN162,CRN163
CRA164,child,lineal,welsh,green,CRN161,CRN162
CRA165,child,lineal,welsh,green,CRN162,CRN163
CRA166,child,lineal,welsh,green,CRN163,CRN164
CRA166,child,lineal,welsh,green,CRN163,CRN164
CRA167,nonfamilial,lineal,welsh,green,CRN164,CRN165
CRA167,nonfamilial,lineal,welsh,green,CRN164,CRN165
CRA168,nonfamilial,lineal,welsh,green,CRN165,CRN166
CRA168,nonfamilial,lineal,welsh,green,CRN165,CRN166
CRA169,child,lineal,welsh,green,CRN166,CRN167
CRA170,child,lineal,welsh,green,CRN167,CRN168
CRA169,child,lineal,welsh,green,CRN166,CRN167
CRA172,child,nonlineal,welsh,green,CRN168,CRN170
CRA170,child,lineal,welsh,green,CRN167,CRN168
CRA174,child,nonlineal,welsh,red,CRN168,CRN172
CRA173,child,nonlineal,welsh,brown,CRN168,CRN171
CRA171,child,nonlineal,welsh,red,CRN168,CRN169
CRA171,child,nonlineal,welsh,red,CRN168,CRN169
CRA172,child,nonlineal,welsh,green,CRN168,CRN170
CRA173,child,nonlineal,welsh,brown,CRN168,CRN171
CRA174,child,nonlineal,welsh,red,CRN168,CRN172
CRA175,child,lineal,welsh,red,CRN158,CRN173
CRA176,child,lineal,welsh,red,CRN173,CRN174
CRA177,child,lineal,welsh,red,CRN174,CRN175
CRA176,child,lineal,welsh,red,CRN173,CRN174
CRA177,child,lineal,welsh,red,CRN174,CRN175
CRA178,child,lineal,welsh,red,CRN175,CRN176
CRA179,child,lineal,welsh,red,CRN176,CRN177
CRA178,child,lineal,welsh,red,CRN175,CRN176
CRA179,child,lineal,welsh,red,CRN176,CRN177
CRA180,child,lineal,welsh,red,CRN177,CRN178
CRA181,child,lineal,welsh,red,CRN178,CRN179
CRA180,child,lineal,welsh,red,CRN177,CRN178
CRA182,child,lineal,welsh,red,CRN179,CRN180
CRA181,child,lineal,welsh,red,CRN178,CRN179
CRA182,child,lineal,welsh,red,CRN179,CRN180
CRA183,child,lineal,welsh,red,CRN180,CRN181
CRA183,child,lineal,welsh,red,CRN180,CRN181
CRA184,child,lineal,welsh,red,CRN181,CRN182
CRA184,child,lineal,welsh,red,CRN181,CRN182
CRA185,same,lineal,welsh,red,CRN182,CRN183
CRA186,child,lineal,welsh,red,CRN183,CRN184
CRA185,same,lineal,welsh,red,CRN182,CRN183
CRA186,child,lineal,welsh,red,CRN183,CRN184
CRA118,child,lineal,central,red,CRN115,CRN185
CRA119,child,lineal,central,red,CRN185,CRN186
CRA187,child,lineal,central,red,CRN186,CRN187
CRA119,child,lineal,central,red,CRN185,CRN186
CRA188,child,lineal,central,red,CRN187,CRN188
CRA187,child,lineal,central,red,CRN186,CRN187
CRA188,child,lineal,central,red,CRN187,CRN188
CRA189,child,lineal,central,red,CRN188,CRN189
CRA189,child,lineal,central,red,CRN188,CRN189
CRA190,child,lineal,central,red,CRN189,CRN190
CRA191,child,lineal,central,red,CRN190,CRN191
CRA190,child,lineal,central,red,CRN189,CRN190
CRA191,child,lineal,central,red,CRN190,CRN191
CRA192,child,lineal,central,red,CRN191,CRN192
CRA192,child,lineal,central,red,CRN191,CRN192
CRA193,child,lineal,central,red,CRN192,CRN193
CRA196,child,nonlineal,central,red,CRN193,CRN196
CRA194,child,nonlineal,central,red,CRN193,CRN194
CRA193,child,lineal,central,red,CRN192,CRN193
CRA197,child,nonlineal,central,red,CRN193,CRN197
CRA195,child,nonlineal,central,none,CRN194,CRN195
CRA194,child,nonlineal,central,red,CRN193,CRN194
CRA195,child,nonlineal,central,none,CRN194,CRN195
CRA196,child,nonlineal,central,red,CRN193,CRN196
CRA198,child,lineal,central,red,CRN197,CRN198
CRA197,child,nonlineal,central,red,CRN193,CRN197
CRA199,child,lineal,central,red,CRN198,CRN199
CRA198,child,lineal,central,red,CRN197,CRN198
CRA199,child,lineal,central,red,CRN198,CRN199
CRA200,child,lineal,central,red,CRN199,CRN200
CRA200,child,lineal,central,red,CRN199,CRN200
CRA201,child,lineal,central,red,CRN200,CRN201
CRA202,other,lineal,central,red,CRN201,CRN202
CRA203,other,nonlineal,central,red,CRN201,CRN203
CRA201,child,lineal,central,red,CRN200,CRN201
CRA202,other,lineal,central,red,CRN201,CRN202
CRA204,other,lineal,central,red,CRN202,CRN203
CRA205,child,lineal,central,red,CRN203,CRN204
CRA203,other,nonlineal,central,red,CRN201,CRN203
CRA204,other,lineal,central,red,CRN202,CRN203
CRA205,child,lineal,central,red,CRN203,CRN204
CRA206,child,lineal,central,red,CRN204,CRN205
CRA207,nonfamilial,lineal,central,red,CRN205,CRN206
CRA206,child,lineal,central,red,CRN204,CRN205
CRA207,nonfamilial,lineal,central,red,CRN205,CRN206
CRA208,child,nonlineal,central,red,CRN206,CRN207
CRA209,child,lineal,central,red,CRN206,CRN208
CRA208,child,nonlineal,central,red,CRN206,CRN207
CRA210,child,lineal,central,red,CRN208,CRN209
CRA209,child,lineal,central,red,CRN206,CRN208
CRA210,child,lineal,central,red,CRN208,CRN209
CRA211,unspecified,lineal,central,red,CRN209,CRN210
CRA212,child,lineal,central,red,CRN210,CRN211
CRA211,unspecified,lineal,central,red,CRN209,CRN210
CRA213,child,lineal,central,red,CRN211,CRN212
CRA212,child,lineal,central,red,CRN210,CRN211
CRA214,child,nonlineal,central,red,CRN211,CRN213
CRA213,child,lineal,central,red,CRN211,CRN212
CRA215,other,lineal,central,red,CRN212,CRN214
CRA216,child,nonlineal,central,red,CRN213,CRN214
CRA214,child,nonlineal,central,red,CRN211,CRN213
CRA216,child,nonlineal,central,red,CRN213,CRN214
CRA219,child,nonlineal,central,red,CRN214,CRN216
CRA225,child,nonlineal,central,red,CRN214,CRN219
CRA217,child,lineal,central,red,CRN214,CRN215
CRA223,child,nonlineal,central,red,CRN214,CRN218
CRA221,child,nonlineal,central,red,CRN214,CRN217
CRA218,child,nonlineal,central,red,CRN214,CRN215
CRA215,other,lineal,central,red,CRN212,CRN214
CRA217,child,lineal,central,red,CRN214,CRN215
CRA227,child,nonlineal,central,blue,CRN215,CRN220
CRA220,sibling,lineal,central,red,CRN215,CRN216
CRA218,child,nonlineal,central,red,CRN214,CRN215
CRA231,child,nonlineal,central,green,CRN216,CRN222
CRA219,child,nonlineal,central,red,CRN214,CRN216
CRA229,child,nonlineal,central,green,CRN216,CRN221
CRA222,sibling,lineal,central,red,CRN216,CRN217
CRA220,sibling,lineal,central,red,CRN215,CRN216
CRA237,child,nonlineal,central,red,CRN217,CRN225
CRA224,sibling,lineal,central,red,CRN217,CRN218
CRA222,sibling,lineal,central,red,CRN216,CRN217
CRA221,child,nonlineal,central,red,CRN214,CRN217
CRA226,sibling,lineal,central,red,CRN218,CRN219
CRA235,child,nonlineal,central,blue,CRN218,CRN224
CRA224,sibling,lineal,central,red,CRN217,CRN218
CRA223,child,nonlineal,central,red,CRN214,CRN218
CRA225,child,nonlineal,central,red,CRN214,CRN219
CRA226,sibling,lineal,central,red,CRN218,CRN219
CRA228,other,lineal,central,red,CRN219,CRN220
CRA233,child,nonlineal,central,brown,CRN219,CRN223
CRA227,child,nonlineal,central,blue,CRN215,CRN220
CRA228,other,lineal,central,red,CRN219,CRN220
CRA230,other,lineal,central,red,CRN220,CRN221
CRA232,sibling,lineal,central,red,CRN221,CRN222
CRA229,child,nonlineal,central,green,CRN216,CRN221
CRA230,other,lineal,central,red,CRN220,CRN221
CRA231,child,nonlineal,central,green,CRN216,CRN222
CRA234,other,lineal,central,red,CRN222,CRN223
CRA232,sibling,lineal,central,red,CRN221,CRN222
CRA234,other,lineal,central,red,CRN222,CRN223
CRA233,child,nonlineal,central,brown,CRN219,CRN223
CRA236,other,lineal,central,red,CRN223,CRN224
CRA238,other,lineal,central,red,CRN224,CRN225
CRA235,child,nonlineal,central,blue,CRN218,CRN224
CRA236,other,lineal,central,red,CRN223,CRN224
CRA238,other,lineal,central,red,CRN224,CRN225
CRA237,child,nonlineal,central,red,CRN217,CRN225
CRA239,child,lineal,central,red,CRN225,CRN226
CRA240,unspecified,lineal,central,red,CRN226,CRN227
CRA239,child,lineal,central,red,CRN225,CRN226
CRA240,unspecified,lineal,central,red,CRN226,CRN227
CRA241,unspecified,lineal,central,red,CRN227,CRN228
CRA242,unspecified,lineal,central,red,CRN228,CRN229
CRA241,unspecified,lineal,central,red,CRN227,CRN228
CRA245,child,lineal,central,red,CRN229,CRN232
CRA244,child,nonlineal,central,red,CRN229,CRN231
CRA242,unspecified,lineal,central,red,CRN228,CRN229
CRA243,child,nonlineal,central,red,CRN229,CRN230
CRA243,child,nonlineal,central,red,CRN229,CRN230
CRA244,child,nonlineal,central,red,CRN229,CRN231
CRA245,child,lineal,central,red,CRN229,CRN232
CRA246,other,lineal,central,none,CRN232,CRN233
CRA247,unspecified,lineal,central,red,CRN233,CRN234
CRA248,unspecified,nonlineal,central,red,CRN233,CRN235
CRA246,other,lineal,central,none,CRN232,CRN233
CRA249,unspecified,lineal,central,red,CRN234,CRN235
CRA247,unspecified,lineal,central,red,CRN233,CRN234
CRA249,unspecified,lineal,central,red,CRN234,CRN235
CRA248,unspecified,nonlineal,central,red,CRN233,CRN235
CRA250,unspecified,lineal,central,red,CRN235,CRN236
CRA251,unspecified,lineal,central,red,CRN236,CRN237
CRA252,unspecified,nonlineal,central,brown,CRN236,CRN238
CRA250,unspecified,lineal,central,red,CRN235,CRN236
CRA251,unspecified,lineal,central,red,CRN236,CRN237
CRA253,unspecified,lineal,central,red,CRN237,CRN238
CRA255,unspecified,nonlineal,central,brown,CRN238,CRN240
CRA254,unspecified,lineal,central,red,CRN238,CRN239
CRA252,unspecified,nonlineal,central,brown,CRN236,CRN238
CRA253,unspecified,lineal,central,red,CRN237,CRN238
CRA254,unspecified,lineal,central,red,CRN238,CRN239
CRA256,unspecified,lineal,central,red,CRN239,CRN240
CRA255,unspecified,nonlineal,central,brown,CRN238,CRN240
CRA256,unspecified,lineal,central,red,CRN239,CRN240
CRA257,unspecified,lineal,central,red,CRN240,CRN241
CRA258,unspecified,lineal,central,red,CRN241,CRN242
CRA257,unspecified,lineal,central,red,CRN240,CRN241
CRA258,unspecified,lineal,central,red,CRN241,CRN242
CRA259,child,lineal,central,red,CRN242,CRN244
CRA261,child,nonlineal,central,red,CRN242,CRN243
CRA261,child,nonlineal,central,red,CRN242,CRN243
CRA260,unspecified,lineal,central,red,CRN244,CRN245
CRA259,child,lineal,central,red,CRN242,CRN244
CRA260,unspecified,lineal,central,red,CRN244,CRN245
CRA262,unspecified,lineal,central,red,CRN245,CRN246
CRA263,unspecified,lineal,central,red,CRN246,CRN247
CRA262,unspecified,lineal,central,red,CRN245,CRN246
CRA264,unspecified,lineal,central,red,CRN247,CRN248
CRA263,unspecified,lineal,central,red,CRN246,CRN247
CRA264,unspecified,lineal,central,red,CRN247,CRN248
CRA265,unspecified,lineal,central,red,CRN248,CRN249
CRA266,unspecified,lineal,central,red,CRN249,CRN250
CRA265,unspecified,lineal,central,red,CRN248,CRN249
CRA266,unspecified,lineal,central,red,CRN249,CRN250
CRA267,child,lineal,central,red,CRN250,CRN251
CRA267,child,lineal,central,red,CRN250,CRN251
CRA268,child,lineal,central,red,CRN251,CRN252
CRA271,child,lineal,central,red,CRN252,CRN255
CRA269,child,nonlineal,central,red,CRN252,CRN253
CRA268,child,lineal,central,red,CRN251,CRN252
CRA270,child,nonlineal,central,blue,CRN252,CRN254
CRA272,child,nonlineal,central,red,CRN253,CRN256
CRA269,child,nonlineal,central,red,CRN252,CRN253
CRA270,child,nonlineal,central,blue,CRN252,CRN254
CRA271,child,lineal,central,red,CRN252,CRN255
CRA272,child,nonlineal,central,red,CRN253,CRN256
CRA273,child,lineal,central,red,CRN256,CRN257
CRA273,child,lineal,central,red,CRN256,CRN257
CRA274,child,lineal,central,red,CRN257,CRN258
CRA275,child,nonlineal,central,red,CRN257,CRN259
CRA274,child,lineal,central,red,CRN257,CRN258
CRA276,child,nonlineal,central,red,CRN259,CRN260
CRA275,child,nonlineal,central,red,CRN257,CRN259
CRA276,child,nonlineal,central,red,CRN259,CRN260
CRA277,child,lineal,central,red,CRN260,CRN261
CRA279,child,lineal,central,red,CRN261,CRN262
CRA277,child,lineal,central,red,CRN260,CRN261
CRA281,child,lineal,central,red,CRN263,CRN265
CRA278,nonfamilial,lineal,central,N/A,CRN262,CRN263
CRA280,child,nonlineal,central,red,CRN263,CRN264
CRA279,child,lineal,central,red,CRN261,CRN262
CRA278,nonfamilial,lineal,central,N/A,CRN262,CRN263
CRA280,child,nonlineal,central,red,CRN263,CRN264
CRA281,child,lineal,central,red,CRN263,CRN265
CRA282,nonfamilial,lineal,central,red,CRN265,CRN266
CRA283,nonfamilial,lineal,central,red,CRN266,CRN267
CRA282,nonfamilial,lineal,central,red,CRN265,CRN266
CRA283,nonfamilial,lineal,central,red,CRN266,CRN267
CRA284,nonfamilial,lineal,central,red,CRN267,CRN268
CRA284,nonfamilial,lineal,central,red,CRN267,CRN268
CRA285,nonfamilial,lineal,central,red,CRN268,CRN269
CRA286,nonfamilial,lineal,central,red,CRN269,CRN270
CRA285,nonfamilial,lineal,central,red,CRN268,CRN269
CRA286,nonfamilial,lineal,central,red,CRN269,CRN270
CRA287,child,lineal,central,red,CRN270,CRN271
CRA287,child,lineal,central,red,CRN270,CRN271
CRA288,nonfamilial,lineal,central,red,CRN271,CRN272
CRA288,nonfamilial,lineal,central,red,CRN271,CRN272
CRA289,nonfamilial,lineal,central,red,CRN272,CRN273
CRA289,nonfamilial,lineal,central,red,CRN272,CRN273
CRA290,nonfamilial,lineal,central,red,CRN273,CRN274
CRA291,nonfamilial,lineal,central,red,CRN274,CRN275
CRA290,nonfamilial,lineal,central,red,CRN273,CRN274
CRA291,nonfamilial,lineal,central,red,CRN274,CRN275
CRA293,child,nonlineal,central,blue,CRN275,CRN276
CRA292,child,lineal,central,red,CRN275,CRN277
CRA296,child,nonlineal,central,blue,CRN275,CRN280
CRA293,child,nonlineal,central,blue,CRN275,CRN276
CRA294,nonfamilial,lineal,central,red,CRN277,CRN278
CRA292,child,lineal,central,red,CRN275,CRN277
CRA294,nonfamilial,lineal,central,red,CRN277,CRN278
CRA295,child,lineal,central,red,CRN278,CRN279
CRA297,nonfamilial,lineal,central,red,CRN279,CRN280
CRA295,child,lineal,central,red,CRN278,CRN279
CRA297,nonfamilial,lineal,central,red,CRN279,CRN280
CRA298,sibling,lineal,central,red,CRN280,CRN281
CRA296,child,nonlineal,central,blue,CRN275,CRN280
CRA299,child,lineal,central,red,CRN281,CRN282
CRA298,sibling,lineal,central,red,CRN280,CRN281
CRA300,other,lineal,central,red,CRN282,CRN283
CRA299,child,lineal,central,red,CRN281,CRN282
CRA300,other,lineal,central,red,CRN282,CRN283
CRA301,other,lineal,central,red,CRN283,CRN284
CRA302,nonfamilial,lineal,central,red,CRN284,CRN285
CRA301,other,lineal,central,red,CRN283,CRN284
CRA302,nonfamilial,lineal,central,red,CRN284,CRN285
CRA303,nonfamilial,lineal,central,red,CRN285,CRN286
CRA303,nonfamilial,lineal,central,red,CRN285,CRN286
CRA304,nonfamilial,lineal,central,red,CRN286,CRN287
CRA304,nonfamilial,lineal,central,red,CRN286,CRN287
CRA306,child,lineal,heptarchy,red,CRN288,CRN289
CRA305,kingdom,lineal,heptarchy,red,CRN054,CRN288
CRA307,child,lineal,heptarchy,none,CRN289,CRN290
CRA306,child,lineal,heptarchy,red,CRN288,CRN289
CRA308,child,lineal,heptarchy,none,CRN290,CRN291
CRA307,child,lineal,heptarchy,none,CRN289,CRN290
CRA308,child,lineal,heptarchy,none,CRN290,CRN291
CRA309,child,lineal,heptarchy,none,CRN291,CRN292
CRA310,child,lineal,heptarchy,red,CRN292,CRN293
CRA309,child,lineal,heptarchy,none,CRN291,CRN292
CRA311,child,lineal,heptarchy,red,CRN293,CRN294
CRA310,child,lineal,heptarchy,red,CRN292,CRN293
CRA311,child,lineal,heptarchy,red,CRN293,CRN294
CRA312,other,lineal,heptarchy,red,CRN294,CRN295
CRA313,other,lineal,heptarchy,red,CRN295,CRN296
CRA312,other,lineal,heptarchy,red,CRN294,CRN295
CRA313,other,lineal,heptarchy,red,CRN295,CRN296
CRA314,other,lineal,heptarchy,red,CRN296,CRN297
CRA315,nonfamilial,lineal,heptarchy,red,CRN297,CRN298
CRA314,other,lineal,heptarchy,red,CRN296,CRN297
CRA316,nonfamilial,lineal,heptarchy,red,CRN298,CRN299
CRA315,nonfamilial,lineal,heptarchy,red,CRN297,CRN298
CRA316,nonfamilial,lineal,heptarchy,red,CRN298,CRN299
CRA317,child,lineal,heptarchy,red,CRN299,CRN300
CRA318,sibling,lineal,heptarchy,red,CRN300,CRN301
CRA317,child,lineal,heptarchy,red,CRN299,CRN300
CRA318,sibling,lineal,heptarchy,red,CRN300,CRN301
CRA319,sibling,lineal,heptarchy,red,CRN301,CRN302
CRA320,unspecified,lineal,heptarchy,red,CRN302,CRN303
CRA319,sibling,lineal,heptarchy,red,CRN301,CRN302
CRA320,unspecified,lineal,heptarchy,red,CRN302,CRN303
CRA321,unspecified,lineal,heptarchy,red,CRN303,CRN304
CRA322,nonfamilial,lineal,heptarchy,red,CRN304,CRN305
CRA321,unspecified,lineal,heptarchy,red,CRN303,CRN304
CRA322,nonfamilial,lineal,heptarchy,red,CRN304,CRN305
CRA323,nonfamilial,lineal,heptarchy,red,CRN305,CRN306
CRA408,nonfamilial,lineal,heptarchy,red,CRN306,CRN392
CRA323,nonfamilial,lineal,heptarchy,red,CRN305,CRN306
CRA066,kingdom,lineal,heptarchy,blue,CRN062,CRN307
CRA324,child,lineal,heptarchy,blue,CRN307,CRN308
CRA325,child,lineal,heptarchy,blue,CRN308,CRN309
CRA324,child,lineal,heptarchy,blue,CRN307,CRN308
CRA326,child,lineal,heptarchy,blue,CRN309,CRN310
CRA325,child,lineal,heptarchy,blue,CRN308,CRN309
CRA326,child,lineal,heptarchy,blue,CRN309,CRN310
CRA327,unspecified,lineal,heptarchy,blue,CRN310,CRN311
CRA328,unspecified,lineal,heptarchy,blue,CRN311,CRN312
CRA327,unspecified,lineal,heptarchy,blue,CRN310,CRN311
CRA329,unspecified,lineal,heptarchy,blue,CRN312,CRN313
CRA328,unspecified,lineal,heptarchy,blue,CRN311,CRN312
CRA329,unspecified,lineal,heptarchy,blue,CRN312,CRN313
CRA330,nonfamilial,lineal,heptarchy,blue,CRN313,CRN314
CRA331,sibling,lineal,heptarchy,blue,CRN314,CRN315
CRA330,nonfamilial,lineal,heptarchy,blue,CRN313,CRN314
CRA332,sibling,lineal,heptarchy,blue,CRN315,CRN316
CRA331,sibling,lineal,heptarchy,blue,CRN314,CRN315
CRA332,sibling,lineal,heptarchy,blue,CRN315,CRN316
CRA333,other,lineal,heptarchy,blue,CRN316,CRN317
CRA334,nonfamilial,lineal,heptarchy,blue,CRN317,CRN318
CRA333,other,lineal,heptarchy,blue,CRN316,CRN317
CRA334,nonfamilial,lineal,heptarchy,blue,CRN317,CRN318
CRA409,nonfamilial,lineal,heptarchy,blue,CRN318,CRN392
CRA335,kingdom,lineal,heptarchy,red,CRN071,CRN319
CRA336,nonfamilial,lineal,heptarchy,red,CRN319,CRN320
CRA337,nonfamilial,lineal,heptarchy,red,CRN320,CRN321
CRA336,nonfamilial,lineal,heptarchy,red,CRN319,CRN320
CRA337,nonfamilial,lineal,heptarchy,red,CRN320,CRN321
CRA338,child,lineal,heptarchy,red,CRN321,CRN322
CRA338,child,lineal,heptarchy,red,CRN321,CRN322
CRA339,nonfamilial,lineal,heptarchy,red,CRN322,CRN323
CRA340,nonfamilial,lineal,heptarchy,red,CRN323,CRN324
CRA339,nonfamilial,lineal,heptarchy,red,CRN322,CRN323
CRA340,nonfamilial,lineal,heptarchy,red,CRN323,CRN324
CRA341,sibling,lineal,heptarchy,none,CRN324,CRN325
CRA341,sibling,lineal,heptarchy,none,CRN324,CRN325
CRA342,child,lineal,heptarchy,none,CRN325,CRN326
CRA343,sibling,lineal,heptarchy,red,CRN326,CRN327
CRA342,child,lineal,heptarchy,none,CRN325,CRN326
CRA344,child,lineal,heptarchy,red,CRN327,CRN328
CRA343,sibling,lineal,heptarchy,red,CRN326,CRN327
CRA345,nonfamilial,lineal,heptarchy,red,CRN328,CRN329
CRA344,child,lineal,heptarchy,red,CRN327,CRN328
CRA345,nonfamilial,lineal,heptarchy,red,CRN328,CRN329
CRA346,sibling,lineal,heptarchy,red,CRN329,CRN330
CRA346,sibling,lineal,heptarchy,red,CRN329,CRN330
CRA347,nonfamilial,lineal,heptarchy,red,CRN330,CRN331
CRA347,nonfamilial,lineal,heptarchy,red,CRN330,CRN331
CRA348,other,lineal,heptarchy,red,CRN331,CRN332
CRA348,other,lineal,heptarchy,red,CRN331,CRN332
CRA349,child,lineal,heptarchy,red,CRN332,CRN333
CRA350,nonfamilial,lineal,heptarchy,red,CRN333,CRN334
CRA349,child,lineal,heptarchy,red,CRN332,CRN333
CRA350,nonfamilial,lineal,heptarchy,red,CRN333,CRN334
CRA351,nonfamilial,lineal,heptarchy,red,CRN334,CRN335
CRA352,nonfamilial,lineal,heptarchy,red,CRN335,CRN336
CRA351,nonfamilial,lineal,heptarchy,red,CRN334,CRN335
CRA352,nonfamilial,lineal,heptarchy,red,CRN335,CRN336
CRA353,nonfamilial,lineal,heptarchy,red,CRN336,CRN337
CRA354,other,lineal,heptarchy,red,CRN337,CRN338
CRA353,nonfamilial,lineal,heptarchy,red,CRN336,CRN337
CRA355,nonfamilial,lineal,heptarchy,red,CRN338,CRN339
CRA354,other,lineal,heptarchy,red,CRN337,CRN338
CRA355,nonfamilial,lineal,heptarchy,red,CRN338,CRN339
CRA356,child,lineal,heptarchy,red,CRN339,CRN340
CRA356,child,lineal,heptarchy,red,CRN339,CRN340
CRA410,nonfamilial,lineal,heptarchy,red,CRN340,CRN392
CRA357,kingdom,lineal,heptarchy,green,CRN080,CRN341
CRA358,child,lineal,heptarchy,none,CRN341,CRN342
CRA359,child,lineal,heptarchy,none,CRN342,CRN343
CRA358,child,lineal,heptarchy,none,CRN341,CRN342
CRA359,child,lineal,heptarchy,none,CRN342,CRN343
CRA360,grandchild,lineal,heptarchy,none,CRN343,CRN344
CRA361,unspecified,lineal,heptarchy,green,CRN344,CRN345
CRA360,grandchild,lineal,heptarchy,none,CRN343,CRN344
CRA362,nonfamilial,lineal,heptarchy,green,CRN345,CRN346
CRA361,unspecified,lineal,heptarchy,green,CRN344,CRN345
CRA362,nonfamilial,lineal,heptarchy,green,CRN345,CRN346
CRA363,nonfamilial,lineal,heptarchy,green,CRN346,CRN347
CRA364,child,lineal,heptarchy,green,CRN347,CRN348
CRA363,nonfamilial,lineal,heptarchy,green,CRN346,CRN347
CRA364,child,lineal,heptarchy,green,CRN347,CRN348
CRA365,sibling,lineal,heptarchy,green,CRN348,CRN349
CRA365,sibling,lineal,heptarchy,green,CRN348,CRN349
CRA366,unspecified,lineal,heptarchy,green,CRN349,CRN350
CRA367,unspecified,lineal,heptarchy,green,CRN350,CRN351
CRA366,unspecified,lineal,heptarchy,green,CRN349,CRN350
CRA367,unspecified,lineal,heptarchy,green,CRN350,CRN351
CRA368,other,lineal,heptarchy,green,CRN351,CRN352
CRA370,unspecified,lineal,heptarchy,green,CRN353,CRN354
CRA369,unspecified,lineal,heptarchy,green,CRN352,CRN353
CRA368,other,lineal,heptarchy,green,CRN351,CRN352
CRA369,unspecified,lineal,heptarchy,green,CRN352,CRN353
CRA411,nonfamilial,lineal,heptarchy,green,CRN354,CRN392
CRA370,unspecified,lineal,heptarchy,green,CRN353,CRN354
CRA371,kingdom,lineal,heptarchy,none,CRN089,CRN355
CRA372,child,lineal,heptarchy,none,CRN355,CRN356
CRA372,child,lineal,heptarchy,none,CRN355,CRN356
CRA373,child,lineal,heptarchy,none,CRN356,CRN357
CRA374,other,lineal,heptarchy,none,CRN357,CRN358
CRA373,child,lineal,heptarchy,none,CRN356,CRN357
CRA375,sibling,lineal,heptarchy,red,CRN358,CRN359
CRA374,other,lineal,heptarchy,none,CRN357,CRN358
CRA375,sibling,lineal,heptarchy,red,CRN358,CRN359
CRA376,sibling,lineal,heptarchy,red,CRN359,CRN360
CRA376,sibling,lineal,heptarchy,red,CRN359,CRN360
CRA377,child,lineal,heptarchy,red,CRN360,CRN361
CRA378,other,lineal,heptarchy,red,CRN361,CRN362
CRA377,child,lineal,heptarchy,red,CRN360,CRN361
CRA379,other,lineal,heptarchy,red,CRN362,CRN363
CRA378,other,lineal,heptarchy,red,CRN361,CRN362
CRA379,other,lineal,heptarchy,red,CRN362,CRN363
CRA380,nonfamilial,lineal,heptarchy,red,CRN363,CRN364
CRA381,nonfamilial,lineal,heptarchy,red,CRN364,CRN365
CRA380,nonfamilial,lineal,heptarchy,red,CRN363,CRN364
CRA382,other,lineal,heptarchy,red,CRN365,CRN366
CRA381,nonfamilial,lineal,heptarchy,red,CRN364,CRN365
CRA382,other,lineal,heptarchy,red,CRN365,CRN366
CRA383,sibling,lineal,heptarchy,red,CRN366,CRN367
CRA384,other,lineal,heptarchy,red,CRN367,CRN368
CRA383,sibling,lineal,heptarchy,red,CRN366,CRN367
CRA384,other,lineal,heptarchy,red,CRN367,CRN368
CRA385,other,lineal,heptarchy,red,CRN368,CRN369
CRA386,nonfamilial,lineal,heptarchy,red,CRN369,CRN370
CRA385,other,lineal,heptarchy,red,CRN368,CRN369
CRA386,nonfamilial,lineal,heptarchy,red,CRN369,CRN370
CRA412,nonfamilial,lineal,heptarchy,red,CRN370,CRN392
CRA387,kingdom,lineal,heptarchy,none,CRN072,CRN371
CRA388,child,lineal,heptarchy,brown,CRN371,CRN372
CRA388,child,lineal,heptarchy,brown,CRN371,CRN372
CRA389,other,lineal,heptarchy,brown,CRN372,CRN373
CRA390,other,lineal,heptarchy,brown,CRN373,CRN374
CRA389,other,lineal,heptarchy,brown,CRN372,CRN373
CRA390,other,lineal,heptarchy,brown,CRN373,CRN374
CRA391,child,lineal,heptarchy,brown,CRN374,CRN375
CRA392,sibling,lineal,heptarchy,brown,CRN375,CRN376
CRA391,child,lineal,heptarchy,brown,CRN374,CRN375
CRA393,other,lineal,heptarchy,brown,CRN376,CRN377
CRA392,sibling,lineal,heptarchy,brown,CRN375,CRN376
CRA394,other,lineal,heptarchy,brown,CRN377,CRN378
CRA393,other,lineal,heptarchy,brown,CRN376,CRN377
CRA394,other,lineal,heptarchy,brown,CRN377,CRN378
CRA395,nonfamilial,lineal,heptarchy,brown,CRN378,CRN379
CRA395,nonfamilial,lineal,heptarchy,brown,CRN378,CRN379
CRA396,nonfamilial,lineal,heptarchy,brown,CRN379,CRN380
CRA396,nonfamilial,lineal,heptarchy,brown,CRN379,CRN380
CRA397,nonfamilial,lineal,heptarchy,brown,CRN380,CRN381
CRA398,child,lineal,heptarchy,none,CRN381,CRN382
CRA397,nonfamilial,lineal,heptarchy,brown,CRN380,CRN381
CRA399,nonfamilial,lineal,heptarchy,brown,CRN382,CRN383
CRA398,child,lineal,heptarchy,none,CRN381,CRN382
CRA399,nonfamilial,lineal,heptarchy,brown,CRN382,CRN383
CRA400,child,lineal,heptarchy,brown,CRN383,CRN384
CRA401,nonfamilial,lineal,heptarchy,brown,CRN384,CRN385
CRA400,child,lineal,heptarchy,brown,CRN383,CRN384
CRA401,nonfamilial,lineal,heptarchy,brown,CRN384,CRN385
CRA402,nonfamilial,lineal,heptarchy,brown,CRN385,CRN386
CRA403,nonfamilial,lineal,heptarchy,brown,CRN386,CRN387
CRA402,nonfamilial,lineal,heptarchy,brown,CRN385,CRN386
CRA413,nonfamilial,lineal,heptarchy,brown,CRN387,CRN392
CRA403,nonfamilial,lineal,heptarchy,brown,CRN386,CRN387
CRA405,child,lineal,heptarchy,red,CRN388,CRN389
CRA404,kingdom,lineal,heptarchy,red,CRN090,CRN388
CRA406,nonfamilial,lineal,heptarchy,red,CRN389,CRN390
CRA405,child,lineal,heptarchy,red,CRN388,CRN389
CRA406,nonfamilial,lineal,heptarchy,red,CRN389,CRN390
CRA407,unspecified,lineal,heptarchy,red,CRN390,CRN391
CRA407,unspecified,lineal,heptarchy,red,CRN390,CRN391
CRA414,nonfamilial,lineal,heptarchy,red,CRN391,CRN392
CRA413,nonfamilial,lineal,heptarchy,brown,CRN387,CRN392
CRA412,nonfamilial,lineal,heptarchy,red,CRN370,CRN392
CRA415,child,lineal,central,red,CRN392,CRN393
CRA409,nonfamilial,lineal,heptarchy,blue,CRN318,CRN392
CRA408,nonfamilial,lineal,heptarchy,red,CRN306,CRN392
CRA411,nonfamilial,lineal,heptarchy,green,CRN354,CRN392
CRA410,nonfamilial,lineal,heptarchy,red,CRN340,CRN392
CRA414,nonfamilial,lineal,heptarchy,red,CRN391,CRN392
CRA418,child,nonlineal,central,red,CRN393,CRN395
CRA422,child,nonlineal,central,red,CRN393,CRN397
CRA415,child,lineal,central,red,CRN392,CRN393
CRA417,child,nonlineal,central,brown,CRN393,CRN394
CRA419,child,nonlineal,central,brown,CRN393,CRN396
CRA416,child,lineal,central,red,CRN393,CRN394
CRA417,child,nonlineal,central,brown,CRN393,CRN394
CRA416,child,lineal,central,red,CRN393,CRN394
CRA420,sibling,lineal,central,red,CRN394,CRN395
CRA418,child,nonlineal,central,red,CRN393,CRN395
CRA421,sibling,lineal,central,red,CRN395,CRN396
CRA420,sibling,lineal,central,red,CRN394,CRN395
CRA419,child,nonlineal,central,brown,CRN393,CRN396
CRA423,sibling,lineal,central,red,CRN396,CRN397
CRA421,sibling,lineal,central,red,CRN395,CRN396
CRA425,child,lineal,central,red,CRN397,CRN399
CRA422,child,nonlineal,central,red,CRN393,CRN397
CRA423,sibling,lineal,central,red,CRN396,CRN397
CRA424,child,nonlineal,central,red,CRN397,CRN398
CRA424,child,nonlineal,central,red,CRN397,CRN398
CRA425,child,lineal,central,red,CRN397,CRN399
CRA433,child,lineal,central,red,CRN399,CRN405
CRA430,child,nonlineal,central,blue,CRN399,CRN404
CRA427,child,nonlineal,central,blue,CRN399,CRN401
CRA426,child,nonlineal,central,red,CRN399,CRN400
CRA428,child,nonlineal,central,blue,CRN399,CRN402
CRA429,child,nonlineal,central,red,CRN399,CRN403
CRA426,child,nonlineal,central,red,CRN399,CRN400
CRA427,child,nonlineal,central,blue,CRN399,CRN401
CRA428,child,nonlineal,central,blue,CRN399,CRN402
CRA432,same,nonlineal,central,red,CRN403,CRN409
CRA429,child,nonlineal,central,red,CRN399,CRN403
CRA431,same,nonlineal,central,blue,CRN404,CRN406
CRA430,child,nonlineal,central,blue,CRN399,CRN404
CRA434,sibling,lineal,central,red,CRN405,CRN406
CRA433,child,lineal,central,red,CRN399,CRN405
CRA434,sibling,lineal,central,red,CRN405,CRN406
CRA431,same,nonlineal,central,blue,CRN404,CRN406
CRA435,child,nonlineal,central,red,CRN406,CRN407
CRA437,sibling,lineal,central,red,CRN406,CRN409
CRA436,child,nonlineal,central,brown,CRN406,CRN408
CRA438,same,nonlineal,central,red,CRN407,CRN410
CRA435,child,nonlineal,central,red,CRN406,CRN407
CRA436,child,nonlineal,central,brown,CRN406,CRN408
CRA432,same,nonlineal,central,red,CRN403,CRN409
CRA439,other,lineal,central,red,CRN409,CRN410
CRA437,sibling,lineal,central,red,CRN406,CRN409
CRA440,sibling,lineal,central,red,CRN410,CRN411
CRA438,same,nonlineal,central,red,CRN407,CRN410
CRA439,other,lineal,central,red,CRN409,CRN410
CRA440,sibling,lineal,central,red,CRN410,CRN411
CRA441,child,nonlineal,central,brown,CRN411,CRN412
CRA443,child,lineal,central,red,CRN411,CRN414
CRA442,child,nonlineal,central,blue,CRN411,CRN413
CRA444,child,nonlineal,central,red,CRN411,CRN415
CRA441,child,nonlineal,central,brown,CRN411,CRN412
CRA442,child,nonlineal,central,blue,CRN411,CRN413
CRA443,child,lineal,central,red,CRN411,CRN414
CRA445,sibling,lineal,central,red,CRN414,CRN415
CRA450,child,lineal,central,red,CRN415,CRN419
CRA446,child,nonlineal,central,blue,CRN415,CRN416
CRA444,child,nonlineal,central,red,CRN411,CRN415
CRA445,sibling,lineal,central,red,CRN414,CRN415
CRA447,spouse,nonlineal,central,blue,CRN415,CRN417
CRA446,child,nonlineal,central,blue,CRN415,CRN416
CRA449,child,nonlineal,central,red,CRN417,CRN418
CRA448,same,nonlineal,norman,blue,CRN616,CRN417
CRA447,spouse,nonlineal,central,blue,CRN415,CRN417
CRA449,child,nonlineal,central,red,CRN417,CRN418
CRA461,nonfamilial,lineal,central,red,CRN419,CRN428
CRA450,child,lineal,central,red,CRN415,CRN419
CRA451,child,nonlineal,central,green,CRN419,CRN420
CRA453,child,nonlineal,central,green,CRN420,CRN423
CRA455,child,nonlineal,central,blue,CRN420,CRN422
CRA454,child,nonlineal,central,red,CRN420,CRN424
CRA451,child,nonlineal,central,green,CRN419,CRN420
CRA452,sibling,nonlineal,central,brown,CRN420,CRN421
CRA452,sibling,nonlineal,central,brown,CRN420,CRN421
CRA453,child,nonlineal,central,green,CRN420,CRN423
CRA456,child,nonlineal,central,green,CRN423,CRN425
CRA454,child,nonlineal,central,red,CRN420,CRN424
CRA455,child,nonlineal,central,blue,CRN420,CRN422
CRA457,child,nonlineal,central,green,CRN425,CRN426
CRA456,child,nonlineal,central,green,CRN423,CRN425
CRA457,child,nonlineal,central,green,CRN425,CRN426
CRA458,child,nonlineal,central,green,CRN426,CRN427
CRA459,other,nonlineal,central,green,CRN427,CRN447
CRA458,child,nonlineal,central,green,CRN426,CRN427
CRA461,nonfamilial,lineal,central,red,CRN419,CRN428
CRA464,child,lineal,central,red,CRN428,CRN431
CRA462,parent,nonlineal,central,red,CRN430,CRN428
CRA460,spouse,nonlineal,central,none,CRN428,CRN429
CRA463,child,nonlineal,central,blue,CRN428,CRN432
CRA460,spouse,nonlineal,central,none,CRN428,CRN429
CRA462,parent,nonlineal,central,red,CRN430,CRN428
CRA465,sibling,lineal,central,red,CRN431,CRN432
CRA464,child,lineal,central,red,CRN428,CRN431
CRA465,sibling,lineal,central,red,CRN431,CRN432
CRA463,child,nonlineal,central,blue,CRN428,CRN432
CRA466,nonfamilial,lineal,central,red,CRN432,CRN433
CRA467,other,lineal,central,red,CRN433,CRN434
CRA466,nonfamilial,lineal,central,red,CRN432,CRN433
CRA467,other,lineal,central,red,CRN433,CRN434
CRA468,other,lineal,central,red,CRN434,CRN435
CRA472,child,nonlineal,central,blue,CRN435,CRN439
CRA470,child,nonlineal,central,green,CRN435,CRN437
CRA667,child,lineal,norman,brown,CRN622,CRN435
CRA473,child,nonlineal,central,red,CRN435,CRN440
CRA469,child,nonlineal,central,red,CRN435,CRN436
CRA475,child,nonlineal,central,green,CRN435,CRN442
CRA474,child,lineal,central,red,CRN435,CRN441
CRA468,other,lineal,central,red,CRN434,CRN435
CRA469,child,nonlineal,central,red,CRN435,CRN436
CRA470,child,nonlineal,central,green,CRN435,CRN437
CRA471,spouse,nonlineal,central,red,CRN437,CRN438
CRA480,same,nonlineal,central,green,CRN438,CRN448
CRA471,spouse,nonlineal,central,red,CRN437,CRN438
CRA472,child,nonlineal,central,blue,CRN435,CRN439
CRA473,child,nonlineal,central,red,CRN435,CRN440
CRA476,sibling,lineal,central,red,CRN441,CRN443
CRA474,child,lineal,central,red,CRN435,CRN441
CRA475,child,nonlineal,central,green,CRN435,CRN442
CRA476,sibling,lineal,central,red,CRN441,CRN443
CRA477,child,nonlineal,central,red,CRN443,CRN444
CRA478,child,nonlineal,central,blue,CRN443,CRN445
CRA479,child,lineal,central,red,CRN443,CRN446
CRA477,child,nonlineal,central,red,CRN443,CRN444
CRA483,child,nonlineal,central,green,CRN444,CRN449
CRA478,child,nonlineal,central,blue,CRN443,CRN445
CRA479,child,lineal,central,red,CRN443,CRN446
CRA482,other,lineal,central,red,CRN446,CRN448
CRA459,other,nonlineal,central,green,CRN427,CRN447
CRA481,other,lineal,central,red,CRN448,CRN449
CRA480,same,nonlineal,central,green,CRN438,CRN448
CRA482,other,lineal,central,red,CRN446,CRN448
CRA485,child,nonlineal,central,blue,CRN449,CRN451
CRA484,child,nonlineal,central,red,CRN449,CRN450
CRA495,child,nonlineal,central,red,CRN449,CRN460
CRA494,child,nonlineal,central,green,CRN449,CRN459
CRA481,other,lineal,central,red,CRN448,CRN449
CRA486,child,nonlineal,central,green,CRN449,CRN452
CRA487,child,nonlineal,central,red,CRN449,CRN453
CRA490,child,nonlineal,central,blue,CRN449,CRN456
CRA492,child,lineal,central,red,CRN449,CRN458
CRA483,child,nonlineal,central,green,CRN444,CRN449
CRA484,child,nonlineal,central,red,CRN449,CRN450
CRA485,child,nonlineal,central,blue,CRN449,CRN451
CRA486,child,nonlineal,central,green,CRN449,CRN452
CRA496,same,nonlineal,central,green,CRN452,CRN461
CRA487,child,nonlineal,central,red,CRN449,CRN453
CRA489,child,nonlineal,central,blue,CRN453,CRN455
CRA488,spouse,nonlineal,central,red,CRN453,CRN454
CRA488,spouse,nonlineal,central,red,CRN453,CRN454
CRA489,child,nonlineal,central,blue,CRN453,CRN455
CRA491,child,nonlineal,central,red,CRN456,CRN457
CRA490,child,nonlineal,central,blue,CRN449,CRN456
CRA491,child,nonlineal,central,red,CRN456,CRN457
CRA493,"[1] child, [2] sibling",lineal,central,red,CRN458,CRN461
CRA492,child,lineal,central,red,CRN449,CRN458
CRA494,child,nonlineal,central,green,CRN449,CRN459
CRA495,child,nonlineal,central,red,CRN449,CRN460
CRA503,child,lineal,central,red,CRN461,CRN468
CRA496,same,nonlineal,central,green,CRN452,CRN461
CRA500,child,nonlineal,central,red,CRN461,CRN465
CRA498,child,nonlineal,central,blue,CRN461,CRN463
CRA493,"[1] child, [2] sibling",lineal,central,red,CRN458,CRN461
CRA499,child,nonlineal,central,green,CRN461,CRN464
CRA497,child,nonlineal,central,red,CRN461,CRN462
CRA497,child,nonlineal,central,red,CRN461,CRN462
CRA498,child,nonlineal,central,blue,CRN461,CRN463
CRA499,child,nonlineal,central,green,CRN461,CRN464
CRA502,child,nonlineal,central,red,CRN465,CRN467
CRA501,child,nonlineal,central,red,CRN465,CRN466
CRA500,child,nonlineal,central,red,CRN461,CRN465
CRA501,child,nonlineal,central,red,CRN465,CRN466
CRA502,child,nonlineal,central,red,CRN465,CRN467
CRA511,child,nonlineal,central,blue,CRN468,CRN476
CRA510,child,nonlineal,central,green,CRN468,CRN475
CRA504,unspecified,nonlineal,central,blue,CRN468,CRN469
CRA503,child,lineal,central,red,CRN461,CRN468
CRA508,child,nonlineal,central,brown,CRN468,CRN473
CRA512,child,lineal,central,red,CRN468,CRN477
CRA509,child,nonlineal,central,red,CRN468,CRN474
CRA505,unspecified,nonlineal,central,green,CRN468,CRN470
CRA506,unspecified,nonlineal,central,red,CRN468,CRN471
CRA507,unspecified,nonlineal,central,blue,CRN468,CRN472
CRA504,unspecified,nonlineal,central,blue,CRN468,CRN469
CRA505,unspecified,nonlineal,central,green,CRN468,CRN470
CRA506,unspecified,nonlineal,central,red,CRN468,CRN471
CRA507,unspecified,nonlineal,central,blue,CRN468,CRN472
CRA508,child,nonlineal,central,brown,CRN468,CRN473
CRA509,child,nonlineal,central,red,CRN468,CRN474
CRA510,child,nonlineal,central,green,CRN468,CRN475
CRA511,child,nonlineal,central,blue,CRN468,CRN476
CRA512,child,lineal,central,red,CRN468,CRN477
CRA513,spouse,nonlineal,central,none,CRN477,CRN478
CRA514,spouse,nonlineal,central,none,CRN477,CRN482
CRA527,child,lineal,central,red,CRN477,CRN492
CRA515,child,nonlineal,central,red,CRN478,CRN479
CRA517,child,nonlineal,central,blue,CRN478,CRN481
CRA516,child,nonlineal,central,red,CRN478,CRN480
CRA513,spouse,nonlineal,central,none,CRN477,CRN478
CRA515,child,nonlineal,central,red,CRN478,CRN479
CRA516,child,nonlineal,central,red,CRN478,CRN480
CRA517,child,nonlineal,central,blue,CRN478,CRN481
CRA519,child,nonlineal,central,green,CRN482,CRN484
CRA523,child,nonlineal,central,red,CRN482,CRN488
CRA521,child,nonlineal,central,blue,CRN482,CRN486
CRA524,child,nonlineal,central,green,CRN482,CRN489
CRA526,child,nonlineal,central,red,CRN482,CRN491
CRA529,child,lineal,central,brown,CRN482,CRN494
CRA531,child,lineal,central,red,CRN482,CRN495
CRA520,child,nonlineal,central,none,CRN482,CRN485
CRA525,child,nonlineal,central,blue,CRN482,CRN490
CRA528,child,lineal,central,blue,CRN482,CRN493
CRA514,spouse,nonlineal,central,none,CRN477,CRN482
CRA518,spouse,nonlineal,central,blue,CRN482,CRN483
CRA522,child,nonlineal,central,brown,CRN482,CRN487
CRA518,spouse,nonlineal,central,blue,CRN482,CRN483
CRA519,child,nonlineal,central,green,CRN482,CRN484
CRA520,child,nonlineal,central,none,CRN482,CRN485
CRA521,child,nonlineal,central,blue,CRN482,CRN486
CRA522,child,nonlineal,central,brown,CRN482,CRN487
CRA523,child,nonlineal,central,red,CRN482,CRN488
CRA524,child,nonlineal,central,green,CRN482,CRN489
CRA525,child,nonlineal,central,blue,CRN482,CRN490
CRA526,child,nonlineal,central,red,CRN482,CRN491
CRA649,spouse,nonlineal,french,none,CRN492,CRN609
CRA532,child,nonlineal,central,red,CRN492,CRN496
CRA533,child,nonlineal,central,red,CRN492,CRN498
CRA530,child,nonlineal,central,blue,CRN492,CRN497
CRA527,child,lineal,central,red,CRN477,CRN492
CRA534,child,lineal,central,checkerboard,CRN492,CRN499
CRA528,child,lineal,central,blue,CRN482,CRN493
CRA529,child,lineal,central,brown,CRN482,CRN494
CRA530,child,nonlineal,central,blue,CRN492,CRN497
CRA531,child,lineal,central,red,CRN482,CRN495
CRA532,child,nonlineal,central,red,CRN492,CRN496
CRA533,child,nonlineal,central,red,CRN492,CRN498
CRA584,child,nonlineal,central,red,CRN499,CRN551
CRA583,child,nonlineal,central,black,CRN499,CRN550
CRA541,child,nonlineal,central,red,CRN499,CRN505
CRA575,child,nonlineal,central,blue,CRN499,CRN541
CRA537,grandchild,lineal,central,checkerboard,CRN499,CRN502
CRA542,child,nonlineal,central,green,CRN499,CRN506
CRA539,child,nonlineal,central,blue,CRN499,CRN503
CRA544,child,nonlineal,central,green,CRN499,CRN508
CRA540,child,nonlineal,central,brown,CRN499,CRN504
CRA582,child,nonlineal,central,blue,CRN499,CRN549
CRA580,child,nonlineal,central,red,CRN499,CRN547
CRA534,child,lineal,central,checkerboard,CRN492,CRN499
CRA535,child,nonlineal,central,red,CRN499,CRN500
CRA581,child,nonlineal,central,green,CRN499,CRN548
CRA536,child,nonlineal,central,blue,CRN500,CRN501
CRA535,child,nonlineal,central,red,CRN499,CRN500
CRA538,child,nonlineal,central,checkerboard,CRN500,CRN502
CRA536,child,nonlineal,central,blue,CRN500,CRN501
CRA537,grandchild,lineal,central,checkerboard,CRN499,CRN502
CRA554,nonfamilial,lineal,central,checkerboard,CRN502,CRN519
CRA538,child,nonlineal,central,checkerboard,CRN500,CRN502
CRA539,child,nonlineal,central,blue,CRN499,CRN503
CRA540,child,nonlineal,central,brown,CRN499,CRN504
CRA541,child,nonlineal,central,red,CRN499,CRN505
CRA542,child,nonlineal,central,green,CRN499,CRN506
CRA543,child,nonlineal,central,red,CRN506,CRN507
CRA620,child,nonlineal,central,red,CRN507,CRN579
CRA619,child,nonlineal,central,red,CRN507,CRN578
CRA601,grandchild,nonlineal,central,red,CRN507,CRN595
CRA543,child,nonlineal,central,red,CRN506,CRN507
CRA556,spouse,nonlineal,central,blue,CRN508,CRN521
CRA544,child,nonlineal,central,green,CRN499,CRN508
CRA558,spouse,nonlineal,central,black,CRN508,CRN523
CRA545,spouse,nonlineal,central,green,CRN508,CRN509
CRA603,child,nonlineal,central,blue,CRN509,CRN519
CRA547,child,nonlineal,central,green,CRN509,CRN511
CRA604,child,nonlineal,central,none,CRN509,CRN518
CRA555,child,nonlineal,central,red,CRN509,CRN520
CRA548,child,nonlineal,central,red,CRN509,CRN512
CRA546,child,nonlineal,central,red,CRN509,CRN510
CRA545,spouse,nonlineal,central,green,CRN508,CRN509
CRA546,child,nonlineal,central,red,CRN509,CRN510
CRA547,child,nonlineal,central,green,CRN509,CRN511
CRA553,child,nonlineal,central,red,CRN512,CRN517
CRA552,child,nonlineal,central,blue,CRN512,CRN516
CRA548,child,nonlineal,central,red,CRN509,CRN512
CRA550,child,nonlineal,central,red,CRN512,CRN514
CRA549,child,nonlineal,central,black,CRN512,CRN513
CRA551,child,nonlineal,central,green,CRN512,CRN515
CRA605,unspecified,nonlineal,central,red,CRN513,CRN572
CRA549,child,nonlineal,central,black,CRN512,CRN513
CRA550,child,nonlineal,central,red,CRN512,CRN514
CRA551,child,nonlineal,central,green,CRN512,CRN515
CRA552,child,nonlineal,central,blue,CRN512,CRN516
CRA553,child,nonlineal,central,red,CRN512,CRN517
CRA604,child,nonlineal,central,none,CRN509,CRN518
CRA596,child,nonlineal,central,red,CRN519,CRN564
CRA597,child,nonlineal,central,red,CRN519,CRN565
CRA603,child,nonlineal,central,blue,CRN509,CRN519
CRA598,child,nonlineal,central,red,CRN519,CRN566
CRA594,child,nonlineal,central,red,CRN519,CRN562
CRA554,nonfamilial,lineal,central,checkerboard,CRN502,CRN519
CRA599,child,lineal,central,checkerboard,CRN519,CRN567
CRA595,child,nonlineal,central,red,CRN519,CRN563
CRA555,child,nonlineal,central,red,CRN509,CRN520
CRA602,same,nonlineal,central,red,CRN597,CRN521
CRA556,spouse,nonlineal,central,blue,CRN508,CRN521
CRA557,child,nonlineal,central,blue,CRN521,CRN522
CRA557,child,nonlineal,central,blue,CRN521,CRN522
CRA573,child,nonlineal,central,red,CRN523,CRN539
CRA574,child,nonlineal,central,black,CRN523,CRN540
CRA559,child,nonlineal,central,blue,CRN523,CRN524
CRA608,child,nonlineal,central,none,CRN523,CRN531
CRA558,spouse,nonlineal,central,black,CRN508,CRN523
CRA560,child,nonlineal,central,blue,CRN524,CRN525
CRA559,child,nonlineal,central,blue,CRN523,CRN524
CRA562,child,nonlineal,central,blue,CRN524,CRN527
CRA564,child,nonlineal,central,blue,CRN524,CRN529
CRA561,child,nonlineal,central,blue,CRN524,CRN526
CRA563,child,nonlineal,central,blue,CRN524,CRN528
CRA565,child,nonlineal,central,blue,CRN524,CRN530
CRA560,child,nonlineal,central,blue,CRN524,CRN525
CRA561,child,nonlineal,central,blue,CRN524,CRN526
CRA562,child,nonlineal,central,blue,CRN524,CRN527
CRA563,child,nonlineal,central,blue,CRN524,CRN528
CRA564,child,nonlineal,central,blue,CRN524,CRN529
CRA565,child,nonlineal,central,blue,CRN524,CRN530
CRA569,child,nonlineal,central,brown,CRN531,CRN538
CRA570,child,nonlineal,central,brown,CRN531,CRN535
CRA567,child,nonlineal,central,brown,CRN531,CRN533
CRA608,child,nonlineal,central,none,CRN523,CRN531
CRA568,child,nonlineal,central,brown,CRN531,CRN534
CRA571,child,nonlineal,central,brown,CRN531,CRN536
CRA572,child,nonlineal,central,brown,CRN531,CRN537
CRA566,child,nonlineal,central,brown,CRN531,CRN532
CRA566,child,nonlineal,central,brown,CRN531,CRN532
CRA567,child,nonlineal,central,brown,CRN531,CRN533
CRA568,child,nonlineal,central,brown,CRN531,CRN534
CRA570,child,nonlineal,central,brown,CRN531,CRN535
CRA571,child,nonlineal,central,brown,CRN531,CRN536
CRA572,child,nonlineal,central,brown,CRN531,CRN537
CRA569,child,nonlineal,central,brown,CRN531,CRN538
CRA573,child,nonlineal,central,red,CRN523,CRN539
CRA574,child,nonlineal,central,black,CRN523,CRN540
CRA576,child,nonlineal,central,blue,CRN541,CRN542
CRA575,child,nonlineal,central,blue,CRN499,CRN541
CRA577,child,nonlineal,central,black,CRN541,CRN543
CRA576,child,nonlineal,central,blue,CRN541,CRN542
CRA578,unspecified,nonlineal,central,blue,CRN543,CRN545
CRA627,child,nonlineal,central,red,CRN543,CRN584
CRA626,child,nonlineal,central,red,CRN598,CRN543
CRA625,child,nonlineal,central,red,CRN543,CRN583
CRA577,child,nonlineal,central,black,CRN541,CRN543
CRA579,unspecified,nonlineal,central,blue,CRN545,CRN546
CRA578,unspecified,nonlineal,central,blue,CRN543,CRN545
CRA579,unspecified,nonlineal,central,blue,CRN545,CRN546
CRA580,child,nonlineal,central,red,CRN499,CRN547
CRA581,child,nonlineal,central,green,CRN499,CRN548
CRA582,child,nonlineal,central,blue,CRN499,CRN549
CRA583,child,nonlineal,central,black,CRN499,CRN550
CRA584,child,nonlineal,central,red,CRN499,CRN551
CRA585,child,nonlineal,central,red,CRN551,CRN552
CRA586,child,nonlineal,central,blue,CRN552,CRN553
CRA592,child,nonlineal,central,blue,CRN552,CRN560
CRA587,child,nonlineal,central,red,CRN552,CRN554
CRA590,child,nonlineal,central,green,CRN552,CRN557
CRA593,unspecified,nonlineal,central,green,CRN552,CRN561
CRA589,child,nonlineal,central,N/A,CRN552,CRN556
CRA591,child,nonlineal,central,red,CRN552,CRN558
CRA585,child,nonlineal,central,red,CRN551,CRN552
CRA586,child,nonlineal,central,blue,CRN552,CRN553
CRA588,spouse,nonlineal,central,none,CRN554,CRN555
CRA587,child,nonlineal,central,red,CRN552,CRN554
CRA588,spouse,nonlineal,central,none,CRN554,CRN555
CRA589,child,nonlineal,central,N/A,CRN552,CRN556
CRA590,child,nonlineal,central,green,CRN552,CRN557
CRA591,child,nonlineal,central,red,CRN552,CRN558
CRA592,child,nonlineal,central,blue,CRN552,CRN560
CRA593,unspecified,nonlineal,central,green,CRN552,CRN561
CRA594,child,nonlineal,central,red,CRN519,CRN562
CRA595,child,nonlineal,central,red,CRN519,CRN563
CRA596,child,nonlineal,central,red,CRN519,CRN564
CRA597,child,nonlineal,central,red,CRN519,CRN565
CRA598,child,nonlineal,central,red,CRN519,CRN566
CRA599,child,lineal,central,checkerboard,CRN519,CRN567
CRA600,child,nonlineal,central,red,CRN567,CRN568
CRA600,child,nonlineal,central,red,CRN567,CRN568
CRA609,parent,nonlineal,central,red,CRN570,CRN569
CRA609,parent,nonlineal,central,red,CRN570,CRN569
CRA610,parent,nonlineal,central,red,CRN571,CRN570
CRA611,parent,nonlineal,central,red,CRN572,CRN571
CRA610,parent,nonlineal,central,red,CRN571,CRN570
CRA605,unspecified,nonlineal,central,red,CRN513,CRN572
CRA612,parent,nonlineal,central,red,CRN573,CRN572
CRA611,parent,nonlineal,central,red,CRN572,CRN571
CRA612,parent,nonlineal,central,red,CRN573,CRN572
CRA613,parent,nonlineal,central,red,CRN574,CRN573
CRA613,parent,nonlineal,central,red,CRN574,CRN573
CRA614,parent,nonlineal,central,red,CRN575,CRN574
CRA614,parent,nonlineal,central,red,CRN575,CRN574
CRA615,parent,nonlineal,central,red,CRN576,CRN575
CRA616,parent,nonlineal,central,red,CRN577,CRN576
CRA615,parent,nonlineal,central,red,CRN576,CRN575
CRA616,parent,nonlineal,central,red,CRN577,CRN576
CRA617,parent,nonlineal,central,red,CRN578,CRN577
CRA618,child,nonlineal,central,red,CRN579,CRN577
CRA617,parent,nonlineal,central,red,CRN578,CRN577
CRA619,child,nonlineal,central,red,CRN507,CRN578
CRA620,child,nonlineal,central,red,CRN507,CRN579
CRA621,child,nonlineal,central,red,CRN579,CRN580
CRA622,child,nonlineal,central,red,CRN579,CRN581
CRA624,child,nonlineal,central,red,CRN579,CRN582
CRA618,child,nonlineal,central,red,CRN579,CRN577
CRA606,child,nonlineal,central,red,CRN579,CRN593
CRA621,child,nonlineal,central,red,CRN579,CRN580
CRA623,sibling,nonlineal,central,red,CRN580,CRN581
CRA622,child,nonlineal,central,red,CRN579,CRN581
CRA623,sibling,nonlineal,central,red,CRN580,CRN581
CRA628,child,nonlineal,central,red,CRN582,CRN584
CRA624,child,nonlineal,central,red,CRN579,CRN582
CRA607,child,nonlineal,central,red,CRN582,CRN583
CRA625,child,nonlineal,central,red,CRN543,CRN583
CRA607,child,nonlineal,central,red,CRN582,CRN583
CRA637,child,nonlineal,central,red,CRN584,CRN592
CRA627,child,nonlineal,central,red,CRN543,CRN584
CRA633,child,nonlineal,central,red,CRN584,CRN588
CRA632,child,nonlineal,central,red,CRN584,CRN587
CRA636,child,nonlineal,central,red,CRN584,CRN591
CRA630,child,nonlineal,central,red,CRN584,CRN586
CRA634,child,nonlineal,central,red,CRN584,CRN589
CRA628,child,nonlineal,central,red,CRN582,CRN584
CRA635,child,nonlineal,central,red,CRN584,CRN590
CRA629,spouse,nonlineal,central,red,CRN584,CRN585
CRA631,child,nonlineal,central,red,CRN585,CRN586
CRA629,spouse,nonlineal,central,red,CRN584,CRN585
CRA630,child,nonlineal,central,red,CRN584,CRN586
CRA631,child,nonlineal,central,red,CRN585,CRN586
CRA632,child,nonlineal,central,red,CRN584,CRN587
CRA633,child,nonlineal,central,red,CRN584,CRN588
CRA634,child,nonlineal,central,red,CRN584,CRN589
CRA635,child,nonlineal,central,red,CRN584,CRN590
CRA636,child,nonlineal,central,red,CRN584,CRN591
CRA637,child,nonlineal,central,red,CRN584,CRN592
CRA606,child,nonlineal,central,red,CRN579,CRN593
CRA638,child,nonlineal,central,red,CRN595,CRN594
CRA601,grandchild,nonlineal,central,red,CRN507,CRN595
CRA638,child,nonlineal,central,red,CRN595,CRN594
CRA640,child,nonlineal,central,red,CRN596,CRN598
CRA639,child,nonlineal,central,red,CRN596,CRN597
CRA602,same,nonlineal,central,red,CRN597,CRN521
CRA639,child,nonlineal,central,red,CRN596,CRN597
CRA626,child,nonlineal,central,red,CRN598,CRN543
CRA640,child,nonlineal,central,red,CRN596,CRN598
CRA641,child,lineal,french,blue,CRN599,CRN600
CRA641,child,lineal,french,blue,CRN599,CRN600
CRA642,child,lineal,french,blue,CRN600,CRN601
CRA655,child,nonlineal,french,blue,CRN600,CRN610
CRA643,child,lineal,french,blue,CRN601,CRN602
CRA642,child,lineal,french,blue,CRN600,CRN601
CRA653,child,nonlineal,french,blue,CRN601,CRN608
CRA652,child,nonlineal,french,blue,CRN601,CRN607
CRA654,child,nonlineal,french,blue,CRN601,CRN609
CRA644,child,lineal,french,blue,CRN602,CRN603
CRA643,child,lineal,french,blue,CRN601,CRN602
CRA644,child,lineal,french,blue,CRN602,CRN603
CRA645,other,lineal,french,blue,CRN603,CRN604
CRA645,other,lineal,french,blue,CRN603,CRN604
CRA646,sibling,lineal,french,blue,CRN604,CRN605
CRA647,same,nonlineal,french,red,CRN607,CRN604
CRA646,sibling,lineal,french,blue,CRN604,CRN605
CRA650,other,lineal,french,blue,CRN605,CRN606
CRA648,same,nonlineal,french,blue,CRN608,CRN605
CRA651,same,nonlineal,french,red,CRN611,CRN606
CRA650,other,lineal,french,blue,CRN605,CRN606
CRA647,same,nonlineal,french,red,CRN607,CRN604
CRA652,child,nonlineal,french,blue,CRN601,CRN607
CRA653,child,nonlineal,french,blue,CRN601,CRN608
CRA648,same,nonlineal,french,blue,CRN608,CRN605
CRA649,spouse,nonlineal,french,none,CRN492,CRN609
CRA654,child,nonlineal,french,blue,CRN601,CRN609
CRA656,grandchild,nonlineal,french,red,CRN610,CRN611
CRA655,child,nonlineal,french,blue,CRN600,CRN610
CRA656,grandchild,nonlineal,french,red,CRN610,CRN611
CRA651,same,nonlineal,french,red,CRN611,CRN606
CRA657,child,lineal,norman,brown,CRN612,CRN613
CRA657,child,lineal,norman,brown,CRN612,CRN613
CRA658,child,lineal,norman,brown,CRN613,CRN614
CRA661,child,lineal,norman,brown,CRN614,CRN617
CRA659,child,nonlineal,norman,blue,CRN614,CRN615
CRA658,child,lineal,norman,brown,CRN613,CRN614
CRA659,child,nonlineal,norman,blue,CRN614,CRN615
CRA660,same,nonlineal,norman,blue,CRN615,CRN616
CRA448,same,nonlineal,norman,blue,CRN616,CRN417
CRA660,same,nonlineal,norman,blue,CRN615,CRN616
CRA661,child,lineal,norman,brown,CRN614,CRN617
CRA662,child,lineal,norman,brown,CRN617,CRN618
CRA663,sibling,lineal,norman,brown,CRN618,CRN619
CRA662,child,lineal,norman,brown,CRN617,CRN618
CRA663,sibling,lineal,norman,brown,CRN618,CRN619
CRA665,same,lineal,norman,brown,CRN619,CRN621
CRA664,sibling,nonlineal,norman,blue,CRN619,CRN620
CRA664,sibling,nonlineal,norman,blue,CRN619,CRN620
CRA666,child,lineal,norman,brown,CRN621,CRN622
CRA665,same,lineal,norman,brown,CRN619,CRN621
CRA667,child,lineal,norman,brown,CRN622,CRN435
CRA666,child,lineal,norman,brown,CRN621,CRN622