ROUNDEL,LINE,TRANSCRIPTION,TRANSLATION,HAND
CRN001,#1,"[Image of a ship], [Noah]","[Image of a ship], [Noah]",Lancastrian Scribe
CRN002,#1,Sem,Shem,Lancastrian Scribe
CRN003,#1,Cham,Ham,Lancastrian Scribe
CRN004,#1,Chus,Cush,Lancastrian Scribe
CRN005,#1,Nemroth,Nimrod,Lancastrian Scribe
CRN006,#1,Japhet,Japhet,Lancastrian Scribe
CRN007,#1,Strephus,Strephus,Lancastrian Scribe
CRN008,#1,Bedegius,Bedegius,Lancastrian Scribe
CRN009,#1,Gnala,Gnala,Lancastrian Scribe
CRN010,#1,Kadra,Kadra,Lancastrian Scribe
CRN011,#1,Sternodius,Sternodius,Lancastrian Scribe
CRN012,#1,Steph,Steph,Lancastrian Scribe
CRN013,#1,Steldius,Steldius,Lancastrian Scribe
CRN014,#1,Boerinus,Boerin,Lancastrian Scribe
CRN015,#1,Cinrincius,Cinrincius,Lancastrian Scribe
CRN016,#1,Gothus,Gothus,Lancastrian Scribe
CRN017,#1,Iutus,Jutus,Lancastrian Scribe
CRN018,#1-2,Wandalus,Vandalus,Lancastrian Scribe
CRN019,#1,Thetus,Thetus,Lancastrian Scribe
CRN020,#1,Fresus,Fresus,Lancastrian Scribe
CRN021,#1-2,Suethedus,Suethedus,Lancastrian Scribe
CRN022,#1,Dachus,Dachus,Lancastrian Scribe
CRN023,#1,Geate,Geate,Lancastrian Scribe
CRN024,#1,Godulphus,Godulphus,Lancastrian Scribe
CRN025,#1,Finnius,Finnius,Lancastrian Scribe
CRN026,#1-2,Fridalasius,Fridalasius,Lancastrian Scribe
CRN027,#1-2,Fridewaldus,Fridewaldus,Lancastrian Scribe
CRN028,#1,Godenus,Godenus,Lancastrian Scribe
CRN029,#1-2,Beldegius,Beldegius,Lancastrian Scribe
CRN030,#1-2,Beymundus,Beymundus,Lancastrian Scribe
CRN031,#1-2,Fridegarius,Fridegarius,Lancastrian Scribe
CRN032,#1-2,Fridewynus,Fridewynus,Lancastrian Scribe
CRN033,#1,Winegius,Winegius,Lancastrian Scribe
CRN034,#1,Gywis,Gywis,Lancastrian Scribe
CRN035,#1,Eslius,Eslius,Lancastrian Scribe
CRN036,#1,Elesius,Elesius,Lancastrian Scribe
CRN037,#1,Cerdius,Cerdius,Lancastrian Scribe
CRN038,#1,Cealinus,Cealinus,Lancastrian Scribe
CRN039,#1,Guda,Guda,Lancastrian Scribe
CRN040,#1,Gewaldus,Gewaldus,Lancastrian Scribe
CRN041,#1,Kenardus,Kenardus,Lancastrian Scribe
CRN042,#1,Ingils,Ingils,Lancastrian Scribe
CRN043,#1,Orpa,Orpa,Lancastrian Scribe
CRN044,#1,Caphe,Caphe,Lancastrian Scribe
CRN045,#1-2,Jetha et Geatha,Jetha and Geatha,Lancastrian Scribe
CRN046,#1-2,Flocwalet Folcwall,Flocwall and Folcwall,Lancastrian Scribe
CRN047,#1,Fynn,Fynn,Lancastrian Scribe
CRN048,#1,Fredulf,Fredulf,Lancastrian Scribe
CRN049,#1,Woden,Woden,Lancastrian Scribe
CRN050,#1,Frealaf,Frealaff,Lancastrian Scribe
CRN051,#1,Vecta,Vecta,Lancastrian Scribe
CRN052,#1,Victa,Victa,Lancastrian Scribe
CRN053,#1,Widgils,Widgils,Lancastrian Scribe
CRN054,#1,Kantia,Kent,Lancastrian Scribe
CRN055,#1,Wepedag,Wepedag,Lancastrian Scribe
CRN056,#1,Sigegeag,Sigegeag,Lancastrian Scribe
CRN057,#1,Seablad,Seablad,Lancastrian Scribe
CRN058,#1,Sesugill,Sesugill,Lancastrian Scribe
CRN059,#1,Westreflacna,Westreflacna,Lancastrian Scribe
CRN060,#1,Witgils,Witgils,Lancastrian Scribe
CRN061,#1,Uskfrea,Uskfrea,Lancastrian Scribe
CRN062,#1-2,East Anglia,East Anglia,Lancastrian Scribe
CRN063,#1,Widat,Widat,Lancastrian Scribe
CRN064,#1,Weremund,Weremund,Lancastrian Scribe
CRN065,#1,Offa,Offa,Lancastrian Scribe
CRN066,#1,Angelthen,Angelthen,Lancastrian Scribe
CRN067,#1,Comer,Comer,Lancastrian Scribe
CRN068,#1,Yall,Yall,Lancastrian Scribe
CRN069,#1,Kniwa,Kniwa,Lancastrian Scribe
CRN070,#1,Singwald,Singwald,Lancastrian Scribe
CRN071,#1-2,Northumbria,Northumbria,Lancastrian Scribe
CRN072,#1-2,Merciorum,[Kingdom of the] Mercians,Lancastrian Scribe
CRN073,#1,Saxnad,Saxony,Lancastrian Scribe
CRN074,#1,Andesk,Andesk,Lancastrian Scribe
CRN075,#1,Gefat,Gefat,Lancastrian Scribe
CRN076,#1,Spezwe,Spezwe,Lancastrian Scribe
CRN077,#1,Sigewolf,Sigewolf,Lancastrian Scribe
CRN078,#1,Reidkan,Reidkan,Lancastrian Scribe
CRN079,#1,Offe,Offe,Lancastrian Scribe
CRN080,#12,Est Sea,Essex,Lancastrian Scribe
CRN081,#1,Beldec,Beldec,Lancastrian Scribe
CRN082,#1,Brand,Brand,Lancastrian Scribe
CRN083,#1,Beonok,Benok,Lancastrian Scribe
CRN084,#1,Alek,Alek,Lancastrian Scribe
CRN085,#1,Angenwyt,Angenwyt,Lancastrian Scribe
CRN086,#1,Ingwyn,Ingwyn,Lancastrian Scribe
CRN087,#1,Esee,Esee,Lancastrian Scribe
CRN088,#1,Gorpe,Gorpe,Lancastrian Scribe
CRN089,#1-2,West Sea,Wessex,Lancastrian Scribe
CRN090,#1-2,Jenan vel Janan,Jenan or Janan,Lancastrian Scribe
CRN091,#1-2,South Sea,Sussex,Lancastrian Scribe
CRN092,#1,Cethnius,Cethis,Lancastrian Scribe
CRN093,#1,Ciprius,Cyprus,Lancastrian Scribe
CRN094,#1,Cretus,Cretus,Lancastrian Scribe
CRN095,#1,Celinus,Celius,Lancastrian Scribe
CRN096,#1,Saturnus,Saturn,Lancastrian Scribe
CRN097,#1,Jupiter,Jupiter,Lancastrian Scribe
CRN098,#1,Dardanus,Dardanus,Lancastrian Scribe
CRN099,#1,Erictonius,Erictonius,Lancastrian Scribe
CRN100,#1,Troius,Trojus,Lancastrian Scribe
CRN101,#1,Ilius,Ilus,Lancastrian Scribe
CRN102,#1,Lamedon,Lamedon,Lancastrian Scribe
CRN103,#1,Priamus,Priam,Lancastrian Scribe
CRN104,#1,Hector,Hector,Lancastrian Scribe
CRN105,#1,Assaracus,Assaracus,Lancastrian Scribe
CRN106,#1,Capis,Capis,Lancastrian Scribe
CRN107,#1,Anchises,Anchises,Lancastrian Scribe
CRN108,#1,Eneas,Aeneas,Lancastrian Scribe
CRN109,#1-2,Silvius posthumus,Silvius Posthumous,Lancastrian Scribe
CRN110,#1,Latinus,Latinus,Lancastrian Scribe
CRN111,#1,Alban,Alban,Lancastrian Scribe
CRN112,#1-4,Et sic usque ad Remum et Romulum,And thus up to Remus and Romulus,Lancastrian Scribe
CRN113,#1,Ascanius,Ascanius,Lancastrian Scribe
CRN114,#1,Silvius,Silvius,Lancastrian Scribe
CRN115,#1,Brutus,Brutus,Lancastrian Scribe
CRN116,#1-2,Albanactus,Albanactus,Lancastrian Scribe
CRN117,#1-2,Kambrius,Cambrius,Lancastrian Scribe
CRN118,#1-2,Gormoniaun,Gormoniaun,Lancastrian Scribe
CRN119,#1-2,Dunwalheon,Dunwalheon,Lancastrian Scribe
CRN120,#1,Morganus,Morgan,Lancastrian Scribe
CRN121,#1-2,Belymaure,Belymaure,Lancastrian Scribe
CRN122,#1,Lud,Lud,Lancastrian Scribe
CRN123,#1,Aveleth,Aveleth,Lancastrian Scribe
CRN124,#1,Avelath,Avelath,Lancastrian Scribe
CRN125,#1,Eudolen,Eudolen,Lancastrian Scribe
CRN126,#1,Eudos,Eudos,Lancastrian Scribe
CRN127,#1,Cunic,Cunic,Lancastrian Scribe
CRN128,#1,Gudeyrn,Gudeyrn,Lancastrian Scribe
CRN129,#1,Rydern,Rydern,Lancastrian Scribe
CRN130,#1,Grade,Grade,Lancastrian Scribe
CRN131,#1,Urban,Urban,Lancastrian Scribe
CRN132,#1,Tyntyll,Tyntyll,Lancastrian Scribe
CRN133,#1,Dehewynt,Dehewynt,Lancastrian Scribe
CRN134,#1,Tecuan,Tecuan,Lancastrian Scribe
CRN135,#1-2,ChoyGodabanc,Choyn Godabanc,Lancastrian Scribe
CRN136,#1,Kenen,Kenen,Lancastrian Scribe
CRN137,#1-2,Padern paysruth,Padern paysruth,Lancastrian Scribe
CRN138,#1,Gedeyn,Gedeyn,Lancastrian Scribe
CRN139,#1-2,Cunnedarledic,Cunn edarledic,Lancastrian Scribe
CRN140,#1-2,Eynann Yrth,Eynann Yrth,Lancastrian Scribe
CRN141,#1-2,Kadwallauhyr,Kadwallauhyr,Lancastrian Scribe
CRN142,#1,Maylgo,Malgo,Lancastrian Scribe
CRN143,#1-2,Maylgo Magnus,Malgo the Great,Lancastrian Scribe
CRN145,#1,Run,Run,Lancastrian Scribe
CRN146,#1,Bely,Bely,Lancastrian Scribe
CRN148,#2,Kadwanus,Kadwanus,Lancastrian Scribe
CRN148,#1,XL,XL,Roman Numerals Scribe
CRN149,#1-2,Kadwallo,Kadwallo,Lancastrian Scribe
CRN150,#1-2,Kadwaladrus,Kadwaladrus,Lancastrian Scribe
CRN151,#1,Inorus,Inorus,Lancastrian Scribe
CRN152,#1,Ym,Ym,Lancastrian Scribe
CRN153,#1-2,IdwalIurth,IdwalIurth,Lancastrian Scribe
CRN154,#1-3,Rodrmalitinant,RhodrMolwynog,Lancastrian Scribe
CRN155,#1-3,Kanaan dyndeythos,Kanaan dyndeythos,Lancastrian Scribe
CRN156,#1,Dechild,Dechild,Lancastrian Scribe
CRN157,#1,Mernembreth,Mernem breth,Lancastrian Scribe
CRN158,#1-2,Bodrivaur,Bodrivaur,Lancastrian Scribe
CRN159,#1,Anarand,Anarand,Lancastrian Scribe
CRN160,#1,Idwalvoyll,Idwavoyll,Lancastrian Scribe
CRN161,#1,Menrit,Menrit,Lancastrian Scribe
CRN162,#1,Idwall,Idwal,Lancastrian Scribe
CRN164,#1,Kanaan,Kanaan,Lancastrian Scribe
CRN165,#1-3,Griffinus decollatus a suis,Gruffinus was beheaded by his own people,Lancastrian Scribe
CRN166,#1,Yerwede,Yerwede,Lancastrian Scribe
CRN167,#1,Lewelinus,Llewelyn,Lancastrian Scribe
CRN168,#1,Gruffrius,Gruffrius,Lancastrian Scribe
CRN169,#1-2,Oweyngoth,Oweyngoth,Lancastrian Scribe
CRN170,#1-2,Lewilinus,Llewelyn,Lancastrian Scribe
CRN171,#1,David,David,Lancastrian Scribe
CRN172,#1,Rodri,Rodri,Lancastrian Scribe
CRN173,#1,Radell,Radell,Lancastrian Scribe
CRN174,#1,Howellda,Howellda,Lancastrian Scribe
CRN175,#1,Owynus,Owen,Lancastrian Scribe
CRN176,#1,Eynann,Eynann,Lancastrian Scribe
CRN177,#1,Kadell,Kadell,Lancastrian Scribe
CRN178,#1,Resus,Resus,Lancastrian Scribe
CRN179,#1,Gruffinus,Gruffninus,Lancastrian Scribe
CRN180,#1-2,Resus maure,Resus the Moor,Lancastrian Scribe
CRN181,#1,Resus,Resus,Lancastrian Scribe
CRN182,#1,Mereduth,Mereduth,Lancastrian Scribe
CRN183,#1-2,Idem Mereduth,The same Mereduth,Lancastrian Scribe
CRN184,#1,Resus,Resus,Lancastrian Scribe
CRN185,#2,Locrinus,Locrinus,Lancastrian Scribe
CRN185,#1,X,X,Roman Numerals Scribe
CRN186,#2,Maddan,Maddan,Lancastrian Scribe
CRN186,#1,XL,XL,Roman Numerals Scribe
CRN187,#2,Mempricius,Mempricius,Lancastrian Scribe
CRN187,#1,XX,XX,Roman Numerals Scribe
CRN188,#2-3,Ebrancus,Ebrancus,Lancastrian Scribe
CRN188,#1,LX,LX,Roman Numerals Scribe
CRN189,#2,Brutus viridescutum,Brutus Greenshield,Lancastrian Scribe
CRN189,#1,XII,XII,Roman Numerals Scribe
CRN190,#2,Leyl,Leil,Lancastrian Scribe
CRN190,#1,XXV,XXV,Roman Numerals Scribe
CRN191,#2,Runhyrbras,Rud Hud Hudibras,Lancastrian Scribe
CRN191,#1,XXXIX,XXXIX,Roman Numerals Scribe
CRN192,#2,Bladuth,Bladud,Lancastrian Scribe
CRN192,#1,XXVI,XXVI,Roman Numerals Scribe
CRN193,#2,Leyr,Lear,Lancastrian Scribe
CRN193,#1,LX,LX,Roman Numerals Scribe
CRN194,#1,Gnarilla,Gonarilla,Lancastrian Scribe
CRN195,#1,Morganus,Morgan,Lancastrian Scribe
CRN196,#1,Cordella,Cordella,Lancastrian Scribe
CRN197,#2,Regan,Regan,Lancastrian Scribe
CRN197,#1,III,III,Roman Numerals Scribe
CRN198,#2-3,Cunedagius,Cunedag,Lancastrian Scribe
CRN198,#1,XXXV,XXXV,Roman Numerals Scribe
CRN199,#2-3,Rutlan veRivallo,Rutlan or Riwallo,Lancastrian Scribe
CRN199,#1,XIX,XIX,Roman Numerals Scribe
CRN200,#2,Gurgustus ,Gurgustius ,Lancastrian Scribe
CRN200,#1,VII,VII,Roman Numerals Scribe
CRN201,#2,Sisillius,Sisillius,Lancastrian Scribe
CRN201,#1,XV,XV,Roman Numerals Scribe
CRN202,#1,Yago,Iago,Lancastrian Scribe
CRN203,#2,Kymarcus,Kimarcus,Lancastrian Scribe
CRN203,#1,IX,IX,Roman Numerals Scribe
CRN204,#1-2,Gorbodugo,Gorboduc,Lancastrian Scribe
CRN205,#1 ,Porrex,Porrex,Lancastrian Scribe
CRN206,#2-4,Dunwallo veMumultius ,Dunwallo or Mumultius ,Lancastrian Scribe
CRN206,#1,XL,XL,Roman Numerals Scribe
CRN207,#1,Brenius ,Brennius ,Lancastrian Scribe
CRN208,#2,Belinus ,Belinus ,Lancastrian Scribe
CRN208,#1,XXIIII,XXIIII,Roman Numerals Scribe
CRN209,#2,Gurgwynt bartrut,Gurgiunt Barbtruc,Lancastrian Scribe
CRN210,#1,Guthelinus,Guithelin,Lancastrian Scribe
CRN211,#2,Sisillius ,Sisillius ,Lancastrian Scribe
CRN211,#1,XV,XV,Roman Numerals Scribe
CRN212,#2,Kymarus ,Kinarius ,Lancastrian Scribe
CRN212,#1,XI,XI,Roman Numerals Scribe
CRN213,#1,Danius ,Danius ,Lancastrian Scribe
CRN214,#2,Morwidus ,Morvidus ,Lancastrian Scribe
CRN214,#1,X,X,Roman Numerals Scribe
CRN215,#2-3,Gorbonianus ,Gorbonianus ,Lancastrian Scribe
CRN215,#1,VII,VII,Roman Numerals Scribe
CRN216,#2-3,Archigallo ,Arthgallo ,Lancastrian Scribe
CRN216,#1,X,X,Roman Numerals Scribe
CRN217,#1-2,Elidurus pius,Elidur the pious,Lancastrian Scribe
CRN218,#2,Peredurus,Peredur,Lancastrian Scribe
CRN218,#1,VII,VII,Roman Numerals Scribe
CRN219,#2,Vigenius ,Vigenius ,Lancastrian Scribe
CRN219,#1,VII,VII,Roman Numerals Scribe
CRN220,#2,Regyn ,Regyn ,Lancastrian Scribe
CRN220,#1,XI,XI,Roman Numerals Scribe
CRN221,#2,Morganus,Morgan,Lancastrian Scribe
CRN221,#1,XXI,XXI,Roman Numerals Scribe
CRN222,#2,Eynaun,Ennianus,Lancastrian Scribe
CRN222,#1,VI,VI,Roman Numerals Scribe
CRN223,#2,Idwal,Idwa,Lancastrian Scribe
CRN223,#1,VII,VII,Roman Numerals Scribe
CRN224,#2,Rim ,Rhun ,Lancastrian Scribe
CRN224,#1,IX,IX,Roman Numerals Scribe
CRN225,#2,Geroncius ,Geraint ,Lancastrian Scribe
CRN225,#1,III,III,Roman Numerals Scribe
CRN226,#2,Catel,Kadel,Lancastrian Scribe
CRN226,#1,VIII,VIII,Roman Numerals Scribe
CRN227,#2,Choyl,Coe,Lancastrian Scribe
CRN227,#1,XI,XI,Roman Numerals Scribe
CRN228,#2,Porre,Porre,Lancastrian Scribe
CRN228,#1,II,II,Roman Numerals Scribe
CRN229,#2,Cheryn ,Cherin ,Lancastrian Scribe
CRN229,#1,XXI,XXI,Roman Numerals Scribe
CRN230,#2,Fulgentius,Fulgenius,Lancastrian Scribe
CRN231,#2,Androgius,Andragius,Lancastrian Scribe
CRN232,#2,Eldadus,Edadus,Lancastrian Scribe
CRN232,#1,VI,VI,Roman Numerals Scribe
CRN233,#2,Vrianus,Urianus,Lancastrian Scribe
CRN233,#1,L,L,Roman Numerals Scribe
CRN234,#2,Eliud ,Eliud ,Lancastrian Scribe
CRN234,#1,XL,XL,Roman Numerals Scribe
CRN235,#2,Cledancus ,Cledauc ,Lancastrian Scribe
CRN235,#1,XII,XII,Roman Numerals Scribe
CRN236,#2,Clotenus,Cloten,Lancastrian Scribe
CRN236,#1,X,X,Roman Numerals Scribe
CRN237,#2,Gurguntius ,Gurguint ,Lancastrian Scribe
CRN237,#1,VII,VII,Roman Numerals Scribe
CRN238,#2,Merianus ,Merianus ,Lancastrian Scribe
CRN238,#1,V,V,Roman Numerals Scribe
CRN239,#1-2,Blethinus ,Bledud ,Lancastrian Scribe
CRN240,#2,Caap ,Cap ,Lancastrian Scribe
CRN240,#1,XI,XI,Roman Numerals Scribe
CRN241,#2,Cenus ,Oenus ,Lancastrian Scribe
CRN241,#1,XIX,XIX,Roman Numerals Scribe
CRN242,#2,Sisillius ,Sisillius ,Lancastrian Scribe
CRN242,#1,XIII,XIII,Roman Numerals Scribe
CRN243,#1,Archinayl,Arthmai,Lancastrian Scribe
CRN244,#2,Bledgabred ,Bledgabred ,Lancastrian Scribe
CRN244,#1,XV,XV,Roman Numerals Scribe
CRN245,#2,Eldo,Eldo,Lancastrian Scribe
CRN245,#1,XXV,XXV,Roman Numerals Scribe
CRN246,#2,Rodyon ,Redion ,Lancastrian Scribe
CRN246,#1,VII,VII,Roman Numerals Scribe
CRN247,#1,Rydergius,Redech,Lancastrian Scribe
CRN248,#1-2,Saw Pemsel,Samui Penisse,Lancastrian Scribe
CRN249,#2,Pyr ,Pir ,Lancastrian Scribe
CRN249,#1,XII,XII,Roman Numerals Scribe
CRN250,#2,Capoyr,Capoir,Lancastrian Scribe
CRN250,#1,VIII,VIII,Roman Numerals Scribe
CRN251,#2,Diwellius ,Cligueillius ,Lancastrian Scribe
CRN251,#1,XXVIII,XXVIII,Roman Numerals Scribe
CRN252,#1,Ely,Heli,Lancastrian Scribe
CRN253,#1,Lud ,Lud ,Lancastrian Scribe
CRN254,#1,Nennius,Nennius,Lancastrian Scribe
CRN255,#2-3,Cassibelianus ,Cassibelaunus ,Lancastrian Scribe
CRN255,#1,XII,XII,Roman Numerals Scribe
CRN256,#2,Tenancius ,Tenvantius ,Lancastrian Scribe
CRN256,#1,XXIII,XXIII,Roman Numerals Scribe
CRN257,#2-3,Kymbelinus,Cymbeline,Lancastrian Scribe
CRN257,#1,X,X,Roman Numerals Scribe
CRN258,#2,Guiderus,Guiderius,Lancastrian Scribe
CRN258,#1,XIII,XIII,Roman Numerals Scribe
CRN259,#1,Arviragus ,Arviragus ,Lancastrian Scribe
CRN260,#2,Marius ,Marius ,Lancastrian Scribe
CRN260,#1,XXIX,XXIX,Roman Numerals Scribe
CRN261,#2,Choylus ,Coilus ,Lancastrian Scribe
CRN261,#1,XL,XL,Roman Numerals Scribe
CRN262,#1-2,Severus romanus,Severus the Roman,Lancastrian Scribe
CRN262,#1,LXVII,LXVII,Roman Numerals Scribe
CRN263,#2-3,Lucius rex ,King Lucius ,Lancastrian Scribe
CRN264,#2,Basianus ,Bassianus ,Lancastrian Scribe
CRN264,#1,XII,XII,Roman Numerals Scribe
CRN265,#1,Gethas,Geta,Lancastrian Scribe
CRN266,#2,Carautius ,Carausius ,Lancastrian Scribe
CRN266,#1,VII,VII,Roman Numerals Scribe
CRN267,#2-3,Allectus romanus,Allectus the Roman,Lancastrian Scribe
CRN267,#1,III,III,Roman Numerals Scribe
CRN268,#2-3,Asclepiodotus,Asclepiodotus,Lancastrian Scribe
CRN268,#1,X,X,Roman Numerals Scribe
CRN269,#2,Choyl,Coe,Lancastrian Scribe
CRN269,#1,XXX,XXX,Roman Numerals Scribe
CRN270,#2-3,Constantius romanus ,Constantius the Roman ,Lancastrian Scribe
CRN270,#1,XI,XI,Roman Numerals Scribe
CRN271,#2-4,Constantinus magnus,Constantine the Great,Lancastrian Scribe
CRN271,#1,XXX,XXX,Roman Numerals Scribe
CRN272,#2,Octonius,Octavius,Lancastrian Scribe
CRN272,#1,LV,LV,Roman Numerals Scribe
CRN273,#2-4,Mamianus magnus,Mamian the Great,Lancastrian Scribe
CRN273,#1,V,V,Roman Numerals Scribe
CRN274,#2,Gratianus romanus ,Gratianus the Roman ,Lancastrian Scribe
CRN275,#2,Constantinus,Constantine,Lancastrian Scribe
CRN275,#1,X,X,Roman Numerals Scribe
CRN276,#1,Constans,Constans,Lancastrian Scribe
CRN277,#1,Utherpendragon,Uther Pendragon,Lancastrian Scribe
CRN278,#2,Vortigerus,Vortigern,Lancastrian Scribe
CRN278,#1,XXIII,XXIII,Roman Numerals Scribe
CRN279,#2,Vortimerus,Vortimer,Lancastrian Scribe
CRN280,#2-3,Aurelius Ambrosius,Aurelius Ambrosius,Lancastrian Scribe
CRN280,#1,XVII,XVII,Roman Numerals Scribe
CRN281,#2,Utherpendragon frater,Uther Pendragon his brother,Lancastrian Scribe
CRN282,#2,Arthurus,Arthur,Lancastrian Scribe
CRN282,#1,XXIX,XXIX,Roman Numerals Scribe
CRN283,#1-2,Constantinus tertius,Constantine,Lancastrian Scribe
CRN284,#1,Conanus,Conan,Lancastrian Scribe
CRN285,#1-2,Vortiporius,Vortipor,Lancastrian Scribe
CRN286,#1,Maylgo,Malgo,Lancastrian Scribe
CRN287,#1,Careticus,Caretic,Lancastrian Scribe
CRN288,#2,Hengistus,Hengist,Lancastrian Scribe
CRN288,#1,XXXI,XXXI,Roman Numerals Scribe
CRN289,#2-3,Eswet Ostha ,Eswand Ostha ,Lancastrian Scribe
CRN289,#1,XXIIII,XXIIII,Roman Numerals Scribe
CRN290,#1,Otra,Otra,Lancastrian Scribe
CRN291,#2,Edelbrith ,Æthelbert ,Lancastrian Scribe
CRN291,#1,LVI,LVI,Roman Numerals Scribe
CRN292,#2,Edelbaldus,Æthelbald,Lancastrian Scribe
CRN292,#1,XXIIII,XXIIII,Roman Numerals Scribe
CRN293,#2,Artenbruthus,Artenbruth,Lancastrian Scribe
CRN293,#1,XXVI,XXVI,Roman Numerals Scribe
CRN294,#1,Egbrichtus,Egbricht,Lancastrian Scribe
CRN295,#1,Ermericus,Ermeric,Lancastrian Scribe
CRN296,#1-2,Lotharius bonus,Lotharius the Good,Lancastrian Scribe
CRN297,#1,Eadric,Eadric,Lancastrian Scribe
CRN298,#1,Erthenbert,Erthenbert,Lancastrian Scribe
CRN299,#1-2,Widredus et Wibert ,Widred and Wibert ,Lancastrian Scribe
CRN300,#2,Switrec,Switrec,Lancastrian Scribe
CRN300,#1,XXXIII,XXXIII,Roman Numerals Scribe
CRN301,#2,Eadbrit,Eadbrit,Lancastrian Scribe
CRN301,#1,XXII,XXII,Roman Numerals Scribe
CRN301,#1,÷ ÷,½,Yorkist Scribe
CRN302,#2,Adelbrith,Æthelbrith,Lancastrian Scribe
CRN302,#1,XII,XII,Roman Numerals Scribe
CRN303,#2,Egfred ,Egfred ,Lancastrian Scribe
CRN303,#1,XXXIIII,XXXIIII,Roman Numerals Scribe
CRN304,#1,Eadbrichpren,Eadbrith Pren,Lancastrian Scribe
CRN305,#1,Cudred,Cudred,Lancastrian Scribe
CRN307,#1-2,Uffa et Ulfa,Uffa and Ulfa,Lancastrian Scribe
CRN308,#1,Titulus,Titulus,Lancastrian Scribe
CRN309,#1-2,Redwaldus,Rædwald,Lancastrian Scribe
CRN310,#1-4,Eadwall qui conversus per felicem episcopum,Eadwall who was converted through the happy bishop,Lancastrian Scribe
CRN311,#1-2,Warpwalde,Warpwalde,Lancastrian Scribe
CRN312,#1-3,Sigebertus frater monachus sanctus est,Sigebert's brother is a blessed monk,Lancastrian Scribe
CRN313,#1,Egritus,Ecgric,Lancastrian Scribe
CRN314,#1-2,Anna fratus eni,Anna his brother,Lancastrian Scribe
CRN315,#1,Adelher,Æthelhere,Lancastrian Scribe
CRN316,#1,Adelbold,Æthelbold,Lancastrian Scribe
CRN317,#1,Ardulfus,Ardulf,Lancastrian Scribe
CRN319,#2 ,Ida ,Ida ,Lancastrian Scribe
CRN319,#1,XII,XII,Roman Numerals Scribe
CRN320,#2-3,Ella filius Uffe ,Ælla son of Uffe ,Lancastrian Scribe
CRN320,#1,XXX,XXX,Roman Numerals Scribe
CRN321,#1,Alderic,Æthelric,Lancastrian Scribe
CRN322,#1,Edelfrid ,Æhelfrith ,Lancastrian Scribe
CRN323,#1,Edwinus,Edwin,Lancastrian Scribe
CRN324,#1,Oswaldus ,Oswald ,Lancastrian Scribe
CRN325,#2, Oswy frater ,Oswy his brother ,Lancastrian Scribe
CRN325,#1,XX,XX,Roman Numerals Scribe
CRN326,#2,Egfred ,Egfred ,Lancastrian Scribe
CRN326,#1,XV,XV,Roman Numerals Scribe
CRN327,#2,Alfridus frater ,Alfred his brother ,Lancastrian Scribe
CRN327,#1,XX,XX,Roman Numerals Scribe
CRN328,#2,Offredus ,Offred ,Lancastrian Scribe
CRN328,#1,XI,XI,Roman Numerals Scribe
CRN329,#1,Kenred ,Kenred ,Lancastrian Scribe
CRN330,#2,Osrich ,Osric ,Lancastrian Scribe
CRN330,#1,XI,XI,Roman Numerals Scribe
CRN331,#1-4,Ceolwulf frater  annis et postea monachus,Ceolwulf his brother [reigned]  years and was later a monk,Lancastrian Scribe
CRN332,#1-4,Eadbertus  annis et postea monachus,Eadbert [reigned]  years and was later a monk,Lancastrian Scribe
CRN333,#1,Oswolf,Oswulf,Lancastrian Scribe
CRN334,#1-2,MaEdelwold ,Æthelwald Mol,Lancastrian Scribe
CRN335,#1,Alredus ,Alred ,Lancastrian Scribe
CRN336,#1-2,Edelred frater ma,Æthelred brother of Mol,Lancastrian Scribe
CRN337,#2,Alfwold ,Ælfwald ,Lancastrian Scribe
CRN337,#1,X,X,Roman Numerals Scribe
CRN338,#1,Efred ,Æfred ,Lancastrian Scribe
CRN339,#1-2,Ardulf ,Ardulf ,Lancastrian Scribe
CRN306,#2,Elred,Elred,Lancastrian Scribe
CRN306,#1,XVIII,XVIII,Roman Numerals Scribe
CRN306,#3,18,18,Roman Numerals Scribe
CRN340,#2,Elred,XVÆlred,Lancastrian Scribe
CRN340,#1,XVIII,XVIII,Roman Numerals Scribe
CRN340,#1,XVIII,XVIII,Roman Numerals Scribe
CRN341,#1-2,Erthewyne,Erthewyne,Lancastrian Scribe
CRN342,#1,Sled,Sled,Lancastrian Scribe
CRN343,#1,Sibert,Sibert,Lancastrian Scribe
CRN344,#1,Sigebertus,Sigebert,Lancastrian Scribe
CRN345,#1,Sibertus,Sibert,Lancastrian Scribe
CRN346,#1,Wythelinus,Wythelin,Lancastrian Scribe
CRN347,#1-3,Selby quem occidit penda,Selby who was killed by Penda,Lancastrian Scribe
CRN348,#1,Sigardus,Sigard,Lancastrian Scribe
CRN349,#1,Sigbertus,Sigbert,Lancastrian Scribe
CRN350,#1,Sibertus,Sibert,Lancastrian Scribe
CRN351,#1-2,Switelinus,Switelin,Lancastrian Scribe
CRN352,#1,Sigher,Sigher,Lancastrian Scribe
CRN353,#1,Selby,Selby,Lancastrian Scribe
CRN354,#1,Kewynus,Kewyn,Lancastrian Scribe
CRN355,#1-2,Serdic,Cerdic,Lancastrian Scribe
CRN356,#1,Kynrik,Cynric,Lancastrian Scribe
CRN357,#1,Chelyng,Ceawlin,Lancastrian Scribe
CRN358,#2,Cheldric,Celdric,Lancastrian Scribe
CRN358,#1,XLI,XLI,Roman Numerals Scribe
CRN359,#2-3,Cheolwolf ,Ceolwulf ,Lancastrian Scribe
CRN359,#1,XIIII,XIIII,Roman Numerals Scribe
CRN360,#2-3,Kyngils xanus ,Cynegisthe Christian ,Lancastrian Scribe
CRN360,#1,XXXI,XXXI,Roman Numerals Scribe
CRN361,#2-4,Chenwalt quem occidit penda ,Cenwealh who was killed by Penda ,Lancastrian Scribe
CRN361,#1,XXXI,XXXI,Roman Numerals Scribe
CRN362,#1,Escwine,Æscwine,Lancastrian Scribe
CRN363,#1,Kenwyn,Centwine,Lancastrian Scribe
CRN364,#1,Cedwalla,Cædwalla,Lancastrian Scribe
CRN365,#2,Ine,Ine,Lancastrian Scribe
CRN365,#1,XXXVII,XXXVII,Roman Numerals Scribe
CRN366,#1,Athelardus,Æthelheard,Lancastrian Scribe
CRN367,#2,Cudredus,Cuthred,Lancastrian Scribe
CRN367,#1,XXVI,XXVI,Roman Numerals Scribe
CRN368,#1,Sigebius,Sigebert ,Lancastrian Scribe
CRN369,#2,VWynwolf,Cynewulf ,Lancastrian Scribe
CRN369,#1,XXXVI,XXXVI,Roman Numerals Scribe
CRN370,#2,Britrith ,Beorhtric ,Lancastrian Scribe
CRN370,#1,XVI,XVI,Roman Numerals Scribe
CRN371,#1,Crida,Crida,Lancastrian Scribe
CRN372,#1,Wirpa,Wirpa,Lancastrian Scribe
CRN373,#1-2,Cheorlus,Cearl,Lancastrian Scribe
CRN374,#1,Penda,Penda,Lancastrian Scribe
CRN375,#1,Penda,Penda,Lancastrian Scribe
CRN376,"[1] #2, [2] #4",Edelred  postea monachus,Æthelred [reigned]  years and was later a monk,Lancastrian Scribe
CRN376,#1,XIX,XIX,Roman Numerals Scribe
CRN377,#1-2,Kenred  postea monachus,Coenred [reigned]  years and was later a monk,Lancastrian Scribe
CRN378,#1,Ceolred ,Ceolred ,Lancastrian Scribe
CRN379,#2,Adelbold ,Æthelbald ,Lancastrian Scribe
CRN379,#1,XLI,XLI,Roman Numerals Scribe
CRN380,#1,Beornred ,Beornred ,Lancastrian Scribe
CRN381,#2,Offa ,Offa ,Lancastrian Scribe
CRN381,#1,XXXIX,XXXIX,Roman Numerals Scribe
CRN382,#1,Egfred ,Ecgfrith ,Lancastrian Scribe
CRN383,#1,Kenwolf ,Coenwulf ,Lancastrian Scribe
CRN384,#1,Cealwolf ,Ceolwulf ,Lancastrian Scribe
CRN385,#1,Beornwulf ,Beornwulf ,Lancastrian Scribe
CRN386,#1,Ludecen ,Ludeca ,Lancastrian Scribe
CRN387,#1,Wilaf ,Wiglaf ,Lancastrian Scribe
CRN388,#1,Ella ,Ælla ,Lancastrian Scribe
CRN389,#1,Scissa,Scissa,Lancastrian Scribe
CRN390,#1,Edelwold,Æthelwald,Lancastrian Scribe
CRN391,#1,Adelbryth,Æthelbrith,Lancastrian Scribe
CRN392,#2-4,Egbrutus,Egbert,Lancastrian Scribe
CRN392,#1,XXXVII XXVI,XXXVII XXVI,Roman Numerals Scribe
CRN393,#2-3,Edwolphus ,XVÆthelwulf ,Lancastrian Scribe
CRN393,#1,XVIII,XVIII,Roman Numerals Scribe
CRN394,#1,Edboldus ,Æthelbald ,Lancastrian Scribe
CRN395,#1,Edelbrith ,Æthelbert ,Lancastrian Scribe
CRN396,#1,Edelred ,Æthelred ,Lancastrian Scribe
CRN397,#2,Alfredus ,Alfred ,Lancastrian Scribe
CRN397,#1,XXX,XXX,Roman Numerals Scribe
CRN399,#2,Edwardus ,Edward ,Lancastrian Scribe
CRN399,#1,XXVI,XXVI,Roman Numerals Scribe
CRN400,#1-2,Nobiles filie,Noble daughters,Lancastrian Scribe
CRN401,#1],Alfredus,Alfred,Lancastrian Scribe
CRN402,#1-3,Edwydus qusubmersus est,Edward who was drowned,Lancastrian Scribe
CRN403,#1,Edredus,Eadred,Lancastrian Scribe
CRN404,#1-3,Sanctus Edmundus,Saint Edmund,Lancastrian Scribe
CRN405,#2-3,Athelstanus ,Æthelstan ,Lancastrian Scribe
CRN405,#1,XIIII,XIIII,Roman Numerals Scribe
CRN406,#1-3,Edmundus fratres a dimidio,Edmund [his] half brother.,Lancastrian Scribe
CRN407,#1,Eadwinus,Eadwig,Lancastrian Scribe
CRN408,#1,Edgarus,Edgar,Lancastrian Scribe
CRN409,#2-3,Edredus frater ejus ,Eadred his brother ,Lancastrian Scribe
CRN409,#1,X,X,Roman Numerals Scribe
CRN410,#1,Edwyn ,Edwyn ,Lancastrian Scribe
CRN411,#2 ,Edgarus ,Edgar ,Lancastrian Scribe
CRN411,#1,XVI,XVI,Roman Numerals Scribe
CRN412,#1-2,Sancta Editha,Saint Edith,Lancastrian Scribe
CRN414,#1,Edwardus martyr ,Edward the Martyr ,Lancastrian Scribe
CRN415,#1,Alredus frater Edwardi,Æthelred brother of Edward,Lancastrian Scribe
CRN416,#1,Alfredus,Alfred,Lancastrian Scribe
CRN417,#1-2,Eadem Emma,The same Emma,Lancastrian Scribe
CRN418,#1-2,Edmundus Irenside,Edmund Ironside,Lancastrian Scribe
CRN419,#1-3,Idem Edmundus Irenside,The same Edmund Ironside,Lancastrian Scribe
CRN420,#1-2,Edwydus exul,Edward the Ele,Lancastrian Scribe
CRN422,#1-3,Edgarus Ethelyng,Edgar Ætheling,Lancastrian Scribe
CRN423,#1-2,Margareta regina Scotie,Margaret queen of Scotland,Lancastrian Scribe
CRN424,#1-3,Cristina sanctimonalis,Christina the nun,Lancastrian Scribe
CRN425,#1-3,Matilda filia ejus,Matilda her daughter,Lancastrian Scribe
CRN426,#1-3,Margareta filia matilda [sic: Agatha],Margaret daughter of Matilda [sic: Agatha],Lancastrian Scribe
CRN427,#1-3,Matilda filia ejus,Matilda her daughter,Lancastrian Scribe
CRN428,#1,Knutus,Cnut,Lancastrian Scribe
CRN429,#1,Emma,Emma,Lancastrian Scribe
CRN430,#1-2,Sweyn danus,Sweyn the Dane,Lancastrian Scribe
CRN431,#1-2,Haraldus hareforth,Harold Harefoot,Lancastrian Scribe
CRN432,#1-2,Hardeknutus frater,Harthacnut [his] brother,Lancastrian Scribe
CRN433,#1-3,Sanctus Edwardus Confessor,Saint Edward the Confessor,Lancastrian Scribe
CRN434,#1-2,Haraldus  mensibus,Harold [reigned]  months,Lancastrian Scribe
CRN435,#2,Willelmus Conquestor ,William the Conqueror ,Lancastrian Scribe
CRN435,#1,XXI,XXI,Roman Numerals Scribe
CRN436,#1-2,Quatuor alie filie,Four other sons,Lancastrian Scribe
CRN437,#1-3,Adala uxor comitis Blesensis,Adela wife of the Count of Blois,Lancastrian Scribe
CRN438,#1-2,Stephanus,Stephen,Lancastrian Scribe
CRN439,#1-2,Henricus clericus,Henry the Cleric,Lancastrian Scribe
CRN440,#1-3,Ricardus quobitt juvenis,Richard who died young,Lancastrian Scribe
CRN441,#2,Willelmus Rufus ,William Rufus ,Lancastrian Scribe
CRN442,#1-3,Robertus courthuse,Robert Curthose,Lancastrian Scribe
CRN443,#2-3,Henricus primus ,Henry ,Lancastrian Scribe
CRN443,#1,XXXV,XXXV,Roman Numerals Scribe
CRN444,#1-2,Matilda imperatrix,Matilda the Empress,Lancastrian Scribe
CRN445,#1-3,Una filia submersa,One daughter drowned,Lancastrian Scribe
CRN446,#1-2,Willelmus submersus,William drowned,Lancastrian Scribe
CRN447,#1-2,Robertus submersus,Robert drowned,Lancastrian Scribe
CRN448,#2-3,Idem Stephanus Blesensis ,The same Stephen of Blois ,Lancastrian Scribe
CRN448,#1,XIX,XIX,Roman Numerals Scribe
CRN449,#2-3,Henricus Secondus ,Henry II,Lancastrian Scribe
CRN449,#1,XXXV,XXXV,Roman Numerals Scribe
CRN450,#1-3,Comitissa tholose,The Countess of Toulouse,Lancastrian Scribe
CRN451,#1-3,Elenora regina castelle,Eleanor queen of Castile,Lancastrian Scribe
CRN452,#1,Johannes,John,Lancastrian Scribe
CRN453,#1-4,Matilda ducissa Saxonis et Sardis,Matilda duchess of Saxony and Sardis,Lancastrian Scribe
CRN454,#1-3,Henricus duSaxonie,Henry duke of Saxony,Lancastrian Scribe
CRN455,#1-2,Octes Imperator,Otto the Emperor,Lancastrian Scribe
CRN456,#1-3,Galfridus duBritannie,Geoffrey duke of Brittany,Lancastrian Scribe
CRN457,#1-3,Arthurus duBrittannie,Arthur duke of Brittany,Lancastrian Scribe
CRN458,#1-4,Ricardus primus ,Richard ,Lancastrian Scribe
CRN458,#1,X,X,Roman Numerals Scribe
CRN459,#1-3,Henricus junior elegans,Elegant Henry the Younger,Lancastrian Scribe
CRN460,#1-3,Willelmus qustatim obiit,William who died immediately,Lancastrian Scribe
CRN461,#2,Johannes ,John ,Lancastrian Scribe
CRN461,#1,XVII,XVII,Roman Numerals Scribe
CRN462,#1-3,Johanna regina Scotie,Joan queen of Scotland,Lancastrian Scribe
CRN463,#1-3,Elienora comitessa Pembroche,Eleanor countess of Pembroke,Lancastrian Scribe
CRN464,#1-4,Isabella imperatriuxor Frederici,Empress Isabella wife of Frederick [II],Lancastrian Scribe
CRN465,#1-3,Ricardus realmanie,Richard king of Germany,Lancastrian Scribe
CRN466,#1-3,Edmundus duCornubie,Edmund duke of Cornwall,Lancastrian Scribe
CRN467,#1-3,Henricus de almania,Henry of Germany,Lancastrian Scribe
CRN468,#2-3,Henricus tertius ,Henry ,Lancastrian Scribe
CRN468,#1,LVII,LVII,Roman Numerals Scribe
CRN469,#1-3,Henricus qujacet Westmonastri,Henry who lies at Westminster,Lancastrian Scribe
CRN470,#1-3,Willelmus qusepultusest in templo,William who is buried in the Temple,Lancastrian Scribe
CRN471,#1-3,Johannes qujacet Westmonastri,John who lies at Westminster,Lancastrian Scribe
CRN472,#1-3,Ricardus quapud Westmonastri,Richard who is [buried] at Westminster,Lancastrian Scribe
CRN473,#1-3,Katrina que cito abiit,Katherine who died before long,Lancastrian Scribe
CRN474,#1,Beatrix,Beatrix,Lancastrian Scribe
CRN475,#1,Edmundus,Edmund,Lancastrian Scribe
CRN476,#1-2,Margareta,Margaret,Lancastrian Scribe
CRN477,#2-3,Edwardus primus ,Edward ,Lancastrian Scribe
CRN477,#1,XXXIIII,XXXIIII,Roman Numerals Scribe
CRN478,#1-3,Margareta secunda uxor,Margaret [his] second wife,Lancastrian Scribe
CRN479,#1,Elenora,Eleanor,Lancastrian Scribe
CRN480,#1-4,Edmundus comes kantie,Edmund Earof Kent,Lancastrian Scribe
CRN481,#1-4,Thomas comes Manchallie,Thomas EarMarshal,Lancastrian Scribe
CRN482,#1-3,Eleanora prima uxor,Eleanor [his] first wife,Lancastrian Scribe
CRN483,#1-3,Eleanora comitissa de Barr[illegible],Eleanor countess of,Lancastrian Scribe
CRN484,#1-3,Johanna comitissa de gloucester,Joan countess of Gloucester,Lancastrian Scribe
CRN485,#1,Johanna,Joan,Lancastrian Scribe
CRN486,#1,Henricus,Henry,Lancastrian Scribe
CRN487,#1-3,Margareta ducissa brabantie,Margaret duchess of Brabant,Lancastrian Scribe
CRN488,#1,Margareta,Margaret,Lancastrian Scribe
CRN489,#1-3,Elizabeth comitissa de Herford,Elizabeth countess of Hereford,Lancastrian Scribe
CRN490,#1-4,Maria monacha de Amisbery,Maria a nun of Amesbury,Lancastrian Scribe
CRN491,#1-3,Elizabeth comitissa de Honiland,Elizabeth countess of Holland,Lancastrian Scribe
CRN492,#2-3,Edwardus karnavian,Edward of Caernafon,Lancastrian Scribe
CRN492,#1,XX,XX,Roman Numerals Scribe
CRN493,#1,Henricus,Henry,Lancastrian Scribe
CRN494,#1,Beatrix,Beatrix,Lancastrian Scribe
CRN495,#1,Blanchia,Blanche,Lancastrian Scribe
CRN496,#1-4,Elienora comitissa de goldara,Eleanor countess of Guelders,Lancastrian Scribe
CRN497,#1-4,Johanna regina Scotie,Joan queen of Scotland,Lancastrian Scribe
CRN498,#1-4,Johannes otham comes cornubie,John of Eltham earl of Cornwall,Lancastrian Scribe
CRN499,#2-3,Edwardus tertius ,Edward IIII,Lancastrian Scribe
CRN499,#1,LII [sic: L],LII [sic: L],Roman Numerals Scribe
CRN500,#3,Edwardus princeps Wallie,Edward prince of Wales,Lancastrian Scribe
CRN501,#1,Edwardus,Edward,Lancastrian Scribe
CRN502,#2-3,Ricardus Secundus,Richard II,Lancastrian Scribe
CRN502,#1,XXIII,XXIII,Roman Numerals Scribe
CRN503,#1-3,Isabella comitissa de Bedford,Isabella countess of Bedford,Lancastrian Scribe
CRN504,#1-3,Johanna regina hispanie,Joan queen of Spain,Lancastrian Scribe
CRN505,#1-2,Williamus Hatfeld,William of Hatfield,Lancastrian Scribe
CRN506,#1-3,Leoneduclarencie,Lioneduke of Clarence,Lancastrian Scribe
CRN507,#1-4,Philippa nupta comiti March,Philippa married to the earl of March,Yorkist Scribe
CRN508,#1-3,Johannes dux Lancastrie,John duke of Lancaster,Lancastrian Scribe
CRN509,#1-3,Domina Blanche,Lady Blanche,Lancastrian Scribe
CRN510,#1,Johannes,John,Lancastrian Scribe
CRN511,#1-2,Edwardus,Edward,Lancastrian Scribe
CRN512,#1-3,Philippa regina portyngalie,Philippa queen of Portugal,Lancastrian Scribe
CRN513,#1,Edwardus,Edward,Lancastrian Scribe
CRN514,#1,Petrus,Peter,Lancastrian Scribe
CRN515,#1,Henricus,Henry,Lancastrian Scribe
CRN516,#1-2,Alexandir,Alexander,Lancastrian Scribe
CRN517,0,[BLANK],[BLANK],Lancastrian Scribe
CRN518,#1-3,Elizabeth comitissa huntyngdon,Elizabeth countess of Huntingdon,Lancastrian Scribe
CRN519,#2-3,Henricus quartus ,Henry IV,Lancastrian Scribe
CRN519,#1,XIIII,XIIII,Roman Numerals Scribe
CRN520,#1 ,Johannes,John,Lancastrian Scribe
CRN521,#1-2,Constantia 2m uxor,Constance [his] second wife,Lancastrian Scribe
CRN522,#1-3,Katrina regina hispanie,Katherine queen of Spain,Lancastrian Scribe
CRN523,#1-3,Katrina Sanfordie  a uxor,Katherine Swynford [his] third wife,Lancastrian Scribe
CRN525,#1-2,Comes somersed,Count of Somerset,Lancastrian Scribe
CRN526,#1,Thomas,Thomas,Lancastrian Scribe
CRN527,#1-3,Johannes comes somersed,John earof Somerset,Lancastrian Scribe
CRN528,#1-4,Edmundus comes de morten,Edmund count of Mortain,Lancastrian Scribe
CRN529,#1-3,Johanna regina Scotie,Joan queen of Scotland,Lancastrian Scribe
CRN530,#1-4,Margareta comitissa devonie,Margaret countess of Devon,Lancastrian Scribe
CRN531,#1-4,Johanna comitissa Westmorlandie,Joan countess of Westmoreland,Lancastrian Scribe
CRN532,0,[BLANK],[BLANK],Lancastrian Scribe
CRN533,#1-3,Ricardus comes sarum,Richard earof Salisbury,Lancastrian Scribe
CRN534,#1-3,Robertus episcopus Sarum,Robert bishop of Salisbury,Lancastrian Scribe
CRN535,0,[BLANK],[BLANK],Lancastrian Scribe
CRN536,0,[BLANK],[BLANK],Lancastrian Scribe
CRN537,0,[BLANK],[BLANK],Lancastrian Scribe
CRN538,0,[BLANK],[BLANK],Lancastrian Scribe
CRN539,#1-2,Henricus cardinal,Henry the cardinal,Lancastrian Scribe
CRN540,#1-3,Thomas duexonie,Thomas duke of Exeter,Lancastrian Scribe
CRN541,#1-4,Edmundus dueborac langley,"Edmund of Langley, duke of York",Lancastrian Scribe
CRN541,#4,langley,Langley,Yorkist Scribe
CRN542,#1-3,Edwardus dueboraci,Edward duke of York,Lancastrian Scribe
CRN543,#1-4,Ricardus comes cantabrigie,Richard earof Cambridge,Lancastrian Scribe
CRN544,#1-4,Domina Matilda de clyfford 2m uxor,Lady Matilda of Clifford [his] second wife,Lancastrian Scribe
CRN545,0,[BLANK],[BLANK],Lancastrian Scribe
CRN546,#1-4,Ricardus dux eboraci [substitute est] et comes merchall,Richard duke of York [substituted as] earl of March,Lancastrian Scribe
CRN547,#1,Blanchia,Blanche,Lancastrian Scribe
CRN548,#1-4,Maria ducissa de britannie,Mary duchess of Brittany,Lancastrian Scribe
CRN549,#1-3,Margareta comitissa pembrochie,Margaret countess of Pembroke,Lancastrian Scribe
CRN550,#1-3,Willelmus Wyndesore,William of Windsor,Lancastrian Scribe
CRN551,#1-3,Thomas dux gloucestrie,Thomas duke of Gloucester,Lancastrian Scribe
CRN552,#1-3,Anna comitissa Staffordie,Anne countess of Stafford,Lancastrian Scribe
CRN553,#1,Philippa,Philippa,Lancastrian Scribe
CRN554,#1-2,Comes Stafford,Earof Stafford,Lancastrian Scribe
CRN555,#1-3,Anna comitissa huntyngdon,Anne countess of Huntingdon,Lancastrian Scribe
CRN556,#1-3,Henricus comes de Essex,Henry earof Essex,Lancastrian Scribe
CRN557,#1,Williamus,William,Lancastrian Scribe
CRN558,#1,Thomas,Thomas,Lancastrian Scribe
CRN559,#1,Johannes,John,Lancastrian Scribe
CRN560,#1,Anna,Anne,Lancastrian Scribe
CRN561,#1-2,Margareta,Margaret,Lancastrian Scribe
CRN562,#1-3,Thomas duclarenchie,Thomas duke of Clarence,Lancastrian Scribe
CRN563,#1-3,Johannes dubedfordie,John duke of Bedford,Lancastrian Scribe
CRN564,#1-3,Humfridus dugloucestrie,Humphrey duke of Gloucester,Lancastrian Scribe
CRN565,#1-3,Blanchia imperatrix,The Empress Blanche,Lancastrian Scribe
CRN566,#1-3,Philippa regina denmarchie,Philippa queen of Denmark,Lancastrian Scribe
CRN567,#1-4,Henricus quintus ,Henry ,Lancastrian Scribe
CRN567,#1,X,X,Roman Numerals Scribe
CRN568,#1,XXXIX,XXXIX,Roman Numerals Scribe
CRN568,#1-3,Henricus sextus,Henry VI,Yorkist Scribe
CRN569,#1-2,Hugo mortymer,Hugh de Mortimer,Yorkist Scribe
CRN571,#1-2,Radulphus mortymer,Ralph de Mortimer,Yorkist Scribe
CRN572,#1-2,Rogerus mortymer,Roger de Mortimer,Yorkist Scribe
CRN572,#1-2,Rogerus mortymer,Roger Mortimer,Yorkist Scribe
CRN573,#1-2,Edmundus mortymer,Edmund Mortimer,Yorkist Scribe
CRN574,#1-3,Rogerus primus comes marchie,Roger first earof March,Yorkist Scribe
CRN575,#1-3,Edmundus comes marchie,Edmund earof March,Yorkist Scribe
CRN576,#1-3,Rogerus comes marchie,Roger earof March,Yorkist Scribe
CRN577,#1-3,Edmundus comes marchie [CRC: nupta Philippa],Edmund earof March [CRC: married to Philippa],Yorkist Scribe
CRN578,#1-5,Aliciam [sic: Elizabeth] nupta comiti northumberlande,Elizabeth [who] married the earl of Northumberland,Yorkist Scribe
CRN579,#1-3,Rogerus comes march,Roger earof March,Yorkist Scribe
CRN580,#1-6,Rogerum secundum filium qudecesessit [sic: decessit] sine herede ante dictum Edmundum fratem suum,Roger the second son who died without heir before the named Edmund his brother,Yorkist Scribe
CRN581,#1-4,Edmundus comes march sine hered,Edmund earof March without heir,Yorkist Scribe
CRN582,#1-4,Anna nuptcomitcantabrigie,Anne [who] married the earof Cambridge,Yorkist Scribe
CRN583,#1-3,Elizabeth nupta domino Burghchier,Elizabeth married lord Burghchier,Yorkist Scribe
CRN584,#1-5,Ricardum ducem ebor heredom regnanglie francie et hispanie,Richard duke of York heir of the kingdoms of England France and Spain,Yorkist Scribe
CRN585,#1-4,Cecilia uxor istius Ricardducis Eboraci,Cecily wife of that Richard duke of York,Yorkist Scribe
CRN586,#1-3,Anna ducissa Exoniesis,Anne duchess of Exeter,Yorkist Scribe
CRN587,#1-3,Elizabeth ducissa suthfolchie,Elizabeth duchess of Suffolk,Yorkist Scribe
CRN588,#1-3,Margareta ducissa Burgundie,Margaret duchess of Burgundy,Yorkist Scribe
CRN588,#2-3,ducissa Burgundie,duchess of Burgundy,Margaret of Burgundy Scribe
CRN589,#1-3,Edwardum Quartum,Edward IV,Yorkist Scribe
CRN589,#3,XXIII,XXIII,Margaret of Burgundy Scribe
CRN590,#1-3,Edmundus comes rothlandi,Edmund earof Rutland,Yorkist Scribe
CRN591,#1-3,Georgius duclarentie,George duke of Clarence,Yorkist Scribe
CRN592,#1-3,Ricardus ducem Gloucestrie,Richard duke of Gloucester,Yorkist Scribe
CRN593,#1-6,Alicia [sic: Eleanora] que erat maritata Edwardo domino de Bonis [sic: Edward de Courtenay] qudecessit sine herede de corpore sui,Eleanor who was married to lord Edward de Bonis [sic: Edward de Courtenay] who died without heir of his body,Yorkist Scribe
CRN594,#1-2,Comes Ultonie,Earof Ulster,Yorkist Scribe
CRN595,#1-3,Anna heredem Ultonie,Anne heir of Ulster,Yorkist Scribe
CRN596,#1-3,Repetrus hispanie,Peter king of Spain,Yorkist Scribe
CRN597,#1-2,Constantia prima filia,Constance [his] first daughter,Yorkist Scribe
CRN598,#1-3,Isabella heredem hispanie,Isabella heir of Spain,Yorkist Scribe
CRN599,#1-3,Sanctus Ludovicus,Saint Louis,Lancastrian Scribe
CRN600,#1-2,Philippus ejus filius,Philip his son,Lancastrian Scribe
CRN601,#1-2,Philippus pulcher,Philip the Fair,Lancastrian Scribe
CRN602,#1-2,Lodovicus hutyn,Louis the Headstrong,Lancastrian Scribe
CRN603,#1-2,Johannes posthumous,John the Posthumous,Lancastrian Scribe
CRN604,#1-2,Idem philippus,The same Philip,Lancastrian Scribe
CRN605,#1-2,Idem karolus,Charles,Lancastrian Scribe
CRN606,#1-2,Idem Johannes,The same John,Lancastrian Scribe
CRN607,#1-2,Philippus longue,Philip the Tall,Lancastrian Scribe
CRN608,#1-2,Karolus pulcher,Charles the Fair,Lancastrian Scribe
CRN609,#1-2,Isabella,Isabella,Lancastrian Scribe
CRN610,#1-2,Karolus de valoys,Charles of Valois,Lancastrian Scribe
CRN611,#1,Johannes,John,Lancastrian Scribe
CRN612,#1-4,Rollo quet Robertus dictus est post baptismum,Rollo who was called Robert after baptism,Lancastrian Scribe
CRN613,#1-3,Williamus longa sparta,William Longsword,Lancastrian Scribe
CRN614,#1-2,Ricardus sine timore,Richard the Fearless,Lancastrian Scribe
CRN615,#1 ,Emma,Emma,Lancastrian Scribe
CRN616,#1-2,Eadem Emma,The same Emma,Lancastrian Scribe
CRN617,#1-2,Ricardus secondus,Richard II,Lancastrian Scribe
CRN618,#1-2,Ricardus tertius,Richard III,Lancastrian Scribe
CRN619,#1-2,Frater Robertus,[His] brother Robert,Lancastrian Scribe
CRN620,#1 ,Ricardus,Richard,Lancastrian Scribe
CRN621,#1-2,Idem Robertus,The same Robert,Lancastrian Scribe
CRN622,#1-2,Willelmus nothus,William the Bastard,Lancastrian Scribe
CRN148,#3,40,40,Lancastrian Scribe [Arabic Numerals]
CRN185,#3,10,10,Lancastrian Scribe [Arabic Numerals]
CRN186,#3,40,40,Lancastrian Scribe [Arabic Numerals]
CRN187,#3,20,20,Lancastrian Scribe [Arabic Numerals]
CRN188,#3,60,60,Lancastrian Scribe [Arabic Numerals]
CRN189,#3,12,12,Lancastrian Scribe [Arabic Numerals]
CRN190,#3,25,25,Lancastrian Scribe [Arabic Numerals]
CRN191,#3,39,39,Lancastrian Scribe [Arabic Numerals]
CRN192,#3,26,26,Lancastrian Scribe [Arabic Numerals]
CRN193,#3,60,60,Lancastrian Scribe [Arabic Numerals]
CRN194,#2,3,3,Lancastrian Scribe [Arabic Numerals]
CRN195,#2,2,2,Lancastrian Scribe [Arabic Numerals]
CRN196,#2,5,5,Lancastrian Scribe [Arabic Numerals]
CRN197,#3,3,3,Lancastrian Scribe [Arabic Numerals]
CRN198,#3,35,35,Lancastrian Scribe [Arabic Numerals]
CRN199,#3,19,19,Lancastrian Scribe [Arabic Numerals]
CRN200,#3,7,7,Lancastrian Scribe [Arabic Numerals]
CRN201,#3,15,15,Lancastrian Scribe [Arabic Numerals]
CRN203,#3,9,9,Lancastrian Scribe [Arabic Numerals]
CRN206,#3,40,40,Lancastrian Scribe [Arabic Numerals]
CRN207,#3,5,5,Lancastrian Scribe [Arabic Numerals]
CRN208,#3,24,24,Lancastrian Scribe [Arabic Numerals]
CRN211,#3,15,15,Lancastrian Scribe [Arabic Numerals]
CRN212,#3,11,11,Lancastrian Scribe [Arabic Numerals]
CRN213,#2,15,15,Lancastrian Scribe [Arabic Numerals]
CRN214,#3,10,10,Lancastrian Scribe [Arabic Numerals]
CRN215,#3,7,7,Lancastrian Scribe [Arabic Numerals]
CRN216,#3,10,10,Lancastrian Scribe [Arabic Numerals]
CRN218,#3,7,7,Lancastrian Scribe [Arabic Numerals]
CRN219,#3,7,7,Lancastrian Scribe [Arabic Numerals]
CRN220,#3,11,11,Lancastrian Scribe [Arabic Numerals]
CRN221,#3,21,21,Lancastrian Scribe [Arabic Numerals]
CRN222,#3,6,6,Lancastrian Scribe [Arabic Numerals]
CRN223,#3,7,7,Lancastrian Scribe [Arabic Numerals]
CRN224,#3,9,9,Lancastrian Scribe [Arabic Numerals]
CRN225,#3,3,3,Lancastrian Scribe [Arabic Numerals]
CRN226,#3,8,8,Lancastrian Scribe [Arabic Numerals]
CRN227,#3,11,11,Lancastrian Scribe [Arabic Numerals]
CRN228,#3,2,2,Lancastrian Scribe [Arabic Numerals]
CRN230,#2,11,11,Lancastrian Scribe [Arabic Numerals]
CRN231,#2,19,19,Lancastrian Scribe [Arabic Numerals]
CRN232,#3,6,6,Lancastrian Scribe [Arabic Numerals]
CRN233,#3,50,50,Lancastrian Scribe [Arabic Numerals]
CRN234,#3,40,40,Lancastrian Scribe [Arabic Numerals]
CRN235,#3,12,12,Lancastrian Scribe [Arabic Numerals]
CRN236,#3,10,10,Lancastrian Scribe [Arabic Numerals]
CRN237,#3,7,7,Lancastrian Scribe [Arabic Numerals]
CRN238,#3,5,5,Lancastrian Scribe [Arabic Numerals]
CRN239,#2,1,1,Lancastrian Scribe [Arabic Numerals]
CRN240,#3,11,11,Lancastrian Scribe [Arabic Numerals]
CRN241,#3,19,19,Lancastrian Scribe [Arabic Numerals]
CRN242,#3,13,13,Lancastrian Scribe [Arabic Numerals]
CRN243,#2,2,2,Lancastrian Scribe [Arabic Numerals]
CRN244,#3,15,15,Lancastrian Scribe [Arabic Numerals]
CRN245,#3,25,25,Lancastrian Scribe [Arabic Numerals]
CRN246,#3,7,7,Lancastrian Scribe [Arabic Numerals]
CRN248,[1] #2; [2] #4,[1] 29; [2] 14,[1] 29; [2] 14,Lancastrian Scribe [Arabic Numerals]
CRN249,#3,2,12,Lancastrian Scribe [Arabic Numerals]
CRN250,#3,8,8,Lancastrian Scribe [Arabic Numerals]
CRN251,#3,28,28,Lancastrian Scribe [Arabic Numerals]
CRN253,#2,21,21,Lancastrian Scribe [Arabic Numerals]
CRN255,#3,12,12,Lancastrian Scribe [Arabic Numerals]
CRN256,#3,23,23,Lancastrian Scribe [Arabic Numerals]
CRN257,#3,10,10,Lancastrian Scribe [Arabic Numerals]
CRN258,#3,13,13,Lancastrian Scribe [Arabic Numerals]
CRN259,#2,11,11,Lancastrian Scribe [Arabic Numerals]
CRN260,#3,9,29,Lancastrian Scribe [Arabic Numerals]
CRN261,#3,40,40,Lancastrian Scribe [Arabic Numerals]
CRN262,#3,67,67,Lancastrian Scribe [Arabic Numerals]
CRN264,#3,12,12,Lancastrian Scribe [Arabic Numerals]
CRN266,#3,7,7,Lancastrian Scribe [Arabic Numerals]
CRN267,#3,3,3,Lancastrian Scribe [Arabic Numerals]
CRN268,#3,10,10,Lancastrian Scribe [Arabic Numerals]
CRN269,#3,30,30,Lancastrian Scribe [Arabic Numerals]
CRN270,#3,11,11,Lancastrian Scribe [Arabic Numerals]
CRN271,#3,30,30,Lancastrian Scribe [Arabic Numerals]
CRN272,#3,55,55,Lancastrian Scribe [Arabic Numerals]
CRN273,#3,5,5,Lancastrian Scribe [Arabic Numerals]
CRN274,#2,7,7,Lancastrian Scribe [Arabic Numerals]
CRN275,#3,10,10,Lancastrian Scribe [Arabic Numerals]
CRN276,#2,7,7,Lancastrian Scribe [Arabic Numerals]
CRN278,#3,23,23,Lancastrian Scribe [Arabic Numerals]
CRN279,#2,6,6,Lancastrian Scribe [Arabic Numerals]
CRN280,17,17,Lancastrian Scribe [Arabic Numerals]
CRN282,29,29,Lancastrian Scribe [Arabic Numerals]
CRN283,#2,4,4,Lancastrian Scribe [Arabic Numerals]
CRN284,#2,3,3,Lancastrian Scribe [Arabic Numerals]
CRN285,#2,4,4,Lancastrian Scribe [Arabic Numerals]
CRN286,#2,5,5,Lancastrian Scribe [Arabic Numerals]
CRN288,#3,31,31,Lancastrian Scribe [Arabic Numerals]
CRN289,#3,24,24,Lancastrian Scribe [Arabic Numerals]
CRN291,#3,56,56,Lancastrian Scribe [Arabic Numerals]
CRN292,#3,24,24,Lancastrian Scribe [Arabic Numerals]
CRN293,#3,26,26,Lancastrian Scribe [Arabic Numerals]
CRN296,#2,13,13,Lancastrian Scribe [Arabic Numerals]
CRN297,#2,1,1,Lancastrian Scribe [Arabic Numerals]
CRN299,#3,6,6,Lancastrian Scribe [Arabic Numerals]
CRN300,#3,33,33,Lancastrian Scribe [Arabic Numerals]
CRN301,#3,22,22,Lancastrian Scribe [Arabic Numerals]
CRN302,#3,12,12,Lancastrian Scribe [Arabic Numerals]
CRN303,#3,34,34,Lancastrian Scribe [Arabic Numerals]
CRN304,#2,3,3,Lancastrian Scribe [Arabic Numerals]
CRN305,#2,9,9,Lancastrian Scribe [Arabic Numerals]
CRN306,#3,18,18,Lancastrian Scribe [Arabic Numerals]
CRN319,#3,12,12,Lancastrian Scribe [Arabic Numerals]
CRN320,#3,30,30,Lancastrian Scribe [Arabic Numerals]
CRN322,#2,5,5,Lancastrian Scribe [Arabic Numerals]
CRN324,#2,9,9,Lancastrian Scribe [Arabic Numerals]
CRN325,#3,20,20,Lancastrian Scribe [Arabic Numerals]
CRN326,#3,15,15,Lancastrian Scribe [Arabic Numerals]
CRN327,#3,20,20,Lancastrian Scribe [Arabic Numerals]
CRN328,#3,11,11,Lancastrian Scribe [Arabic Numerals]
CRN329,#2,2,2,Lancastrian Scribe [Arabic Numerals]
CRN330,#3,11,11,Lancastrian Scribe [Arabic Numerals]
CRN331,#2,8,8,Lancastrian Scribe [Arabic Numerals]
CRN332,#2,21,21,Lancastrian Scribe [Arabic Numerals]
CRN334,#3,6,6,Lancastrian Scribe [Arabic Numerals]
CRN335,#2,8,8,Lancastrian Scribe [Arabic Numerals]
CRN336,#3,3,3,Lancastrian Scribe [Arabic Numerals]
CRN337,#3,10,10,Lancastrian Scribe [Arabic Numerals]
CRN338,#2,1,1,Lancastrian Scribe [Arabic Numerals]
CRN339,#2,9,9,Lancastrian Scribe [Arabic Numerals]
CRN340,#3,18,18,Lancastrian Scribe [Arabic Numerals]
CRN355,#2,7,7,Lancastrian Scribe [Arabic Numerals]
CRN358,#3,41,41,Lancastrian Scribe [Arabic Numerals]
CRN359,#4,14,14,Lancastrian Scribe [Arabic Numerals]
CRN360,#4,31,31,Lancastrian Scribe [Arabic Numerals]
CRN361,#5,31,31,Lancastrian Scribe [Arabic Numerals]
CRN362,#2,2,2,Lancastrian Scribe [Arabic Numerals]
CRN363,#2,9,9,Lancastrian Scribe [Arabic Numerals]
CRN364,#2,2,2,Lancastrian Scribe [Arabic Numerals]
CRN365,#3,37,37,Lancastrian Scribe [Arabic Numerals]
CRN366,#2,9,9,Lancastrian Scribe [Arabic Numerals]
CRN367,#3,26,26,Lancastrian Scribe [Arabic Numerals]
CRN368,#2,1,1,Lancastrian Scribe [Arabic Numerals]
CRN369,#3,36,36,Lancastrian Scribe [Arabic Numerals]
CRN370,#3,16,16,Lancastrian Scribe [Arabic Numerals]
CRN376,#3,19,19,Lancastrian Scribe [Arabic Numerals]
CRN377,#1,5,5,Lancastrian Scribe [Arabic Numerals]
CRN378,#2,8,8,Lancastrian Scribe [Arabic Numerals]
CRN379,#3,41,41,Lancastrian Scribe [Arabic Numerals]
CRN380,#3,1,1,Lancastrian Scribe [Arabic Numerals]
CRN381,#3,39,39,Lancastrian Scribe [Arabic Numerals]
CRN382,#2,1,1,Lancastrian Scribe [Arabic Numerals]
CRN383,#2,26,26,Lancastrian Scribe [Arabic Numerals]
CRN384,#2,8,8,Lancastrian Scribe [Arabic Numerals]
CRN385,#2,1,1,Lancastrian Scribe [Arabic Numerals]
CRN386,#2,1,1,Lancastrian Scribe [Arabic Numerals]
CRN387,#2,1,1,Lancastrian Scribe [Arabic Numerals]
CRN388,#2,20,20,Lancastrian Scribe [Arabic Numerals]
CRN393,#4,18,18,Lancastrian Scribe [Arabic Numerals]
CRN394,#2,5,5,Lancastrian Scribe [Arabic Numerals]
CRN395,#2,5,5,Lancastrian Scribe [Arabic Numerals]
CRN396,#2,6,6,Lancastrian Scribe [Arabic Numerals]
CRN397,#3,30,30,Lancastrian Scribe [Arabic Numerals]
CRN399,#3,26,26,Lancastrian Scribe [Arabic Numerals]
CRN405,#4,14,14,Lancastrian Scribe [Arabic Numerals]
CRN409,#4,10,10,Lancastrian Scribe [Arabic Numerals]
CRN410,#3,5,5,Lancastrian Scribe [Arabic Numerals]
CRN411,#3,16,16,Lancastrian Scribe [Arabic Numerals]
CRN414,#3,5,5,Lancastrian Scribe [Arabic Numerals]
CRN434,#2,9,9,Lancastrian Scribe [Arabic Numerals]
CRN435,#4,21,21,Lancastrian Scribe [Arabic Numerals]
CRN441,#4,12,12,Lancastrian Scribe [Arabic Numerals]
CRN443,#4,35,35,Lancastrian Scribe [Arabic Numerals]
CRN448,#5,19,19,Lancastrian Scribe [Arabic Numerals]
CRN449,#4,35,35,Lancastrian Scribe [Arabic Numerals]
CRN458,#4,10,10,Lancastrian Scribe [Arabic Numerals]
CRN461,#4,17,17,Lancastrian Scribe [Arabic Numerals]
CRN468,#4,57,57,Lancastrian Scribe [Arabic Numerals]
CRN477,#4,34,34,Lancastrian Scribe [Arabic Numerals]
CRN492,#4,20,20,Lancastrian Scribe [Arabic Numerals]
CRN499,#4,50,50,Lancastrian Scribe [Arabic Numerals]
CRN502,#4,23,23,Lancastrian Scribe [Arabic Numerals]
CRN519,#4,14,14,Lancastrian Scribe [Arabic Numerals]
CRN567,#4,10,10,Lancastrian Scribe [Arabic Numerals]
CRN544,#4,2,2,Lancastrian Scribe [Arabic Numerals]
