ROLL,ZONE,COMMENTARY,ROUNDEL,SECTOR,LINE
Canterbury Roll,CRZ001,null,CRN001,center,lineal central
Canterbury Roll,CRZ002,null,CRN002,left center,nonlineal central
Canterbury Roll,CRZ003,null,CRN003,right center,nonlineal central
Canterbury Roll,CRZ004,null,CRN004,right center,nonlineal central
Canterbury Roll,CRZ005,null,CRN005,right center,nonlineal central
Canterbury Roll,CRZ006,null,CRN006,center,lineal central
Canterbury Roll,CRZ007,null,CRN007,left center,lineal japhet
Canterbury Roll,CRZ008,null,CRN008,left center,lineal japhet
Canterbury Roll,CRZ009,null,CRN009,left center,lineal japhet
Canterbury Roll,CRZ010,null,CRN010,left center,lineal japhet
Canterbury Roll,CRZ011,null,CRN011,left center,lineal japhet
Canterbury Roll,CRZ012,null,CRN012,left center,lineal japhet
Canterbury Roll,CRZ013,null,CRN013,left center,lineal japhet
Canterbury Roll,CRZ014,null,CRN014,left center,lineal japhet
Canterbury Roll,CRZ015,null,CRN015,left center,lineal japhet
Canterbury Roll,CRZ016,null,CRN016,left center,lineal japhet
Canterbury Roll,CRZ017,null,CRN017,left center,lineal japhet
Canterbury Roll,CRZ018,null,CRN018,left center,lineal japhet
Canterbury Roll,CRZ019,null,CRN019,left center,lineal japhet
Canterbury Roll,CRZ020,null,CRN020,left center,lineal japhet
Canterbury Roll,CRZ021,null,CRN021,left center,lineal japhet
Canterbury Roll,CRZ022,null,CRN022,left center,lineal japhet
Canterbury Roll,CRZ023,null,CRN023,left center,lineal japhet
Canterbury Roll,CRZ024,null,CRN024,left center,lineal japhet
Canterbury Roll,CRZ025,null,CRN025,left center,lineal japhet
Canterbury Roll,CRZ026,null,CRN026,left center,lineal japhet
Canterbury Roll,CRZ027,null,CRN027,left center,lineal japhet
Canterbury Roll,CRZ028,null,CRN028,left center,lineal japhet
Canterbury Roll,CRZ029,null,CRN029,left center,lineal japhet
Canterbury Roll,CRZ030,null,CRN030,left center,lineal japhet
Canterbury Roll,CRZ031,null,CRN031,left center,lineal japhet
Canterbury Roll,CRZ032,null,CRN032,left center,lineal japhet
Canterbury Roll,CRZ033,null,CRN033,left center,lineal japhet
Canterbury Roll,CRZ034,null,CRN034,left center,lineal japhet
Canterbury Roll,CRZ035,null,CRN035,left center,lineal japhet
Canterbury Roll,CRZ036,null,CRN036,left center,lineal japhet
Canterbury Roll,CRZ037,null,CRN037,left center,lineal japhet
Canterbury Roll,CRZ038,null,CRN038,left center,lineal japhet
Canterbury Roll,CRZ039,null,CRN039,left center,lineal japhet
Canterbury Roll,CRZ040,null,CRN040,left center,lineal japhet
Canterbury Roll,CRZ041,null,CRN041,left center,lineal japhet
Canterbury Roll,CRZ042,null,CRN042,left center,lineal japhet
Canterbury Roll,CRZ043,null,CRN043,left center,lineal japhet
Canterbury Roll,CRZ044,null,CRN044,left center,lineal japhet
Canterbury Roll,CRZ045,null,CRN045,left center,lineal japhet
Canterbury Roll,CRZ046,null,CRN046,left center,lineal japhet
Canterbury Roll,CRZ047,null,CRN047,left center,lineal japhet
Canterbury Roll,CRZ048,null,CRN048,left center,lineal japhet
Canterbury Roll,CRZ049,null,CRN049,left center,lineal japhet
Canterbury Roll,CRZ050,null,CRN050,left center,lineal japhet
Canterbury Roll,CRZ051,null,CRN051,left center,lineal heptarchy
Canterbury Roll,CRZ052,null,CRN052,left center,lineal heptarchy
Canterbury Roll,CRZ053,null,CRN053,left center,lineal heptarchy
Canterbury Roll,CRZ054,null,CRN054,left center,lineal heptarchy
Canterbury Roll,CRZ055,null,CRN055,left center,lineal heptarchy
Canterbury Roll,CRZ056,null,CRN056,left center,lineal heptarchy
Canterbury Roll,CRZ057,null,CRN057,left center,lineal heptarchy
Canterbury Roll,CRZ058,null,CRN058,left center,lineal heptarchy
Canterbury Roll,CRZ059,null,CRN059,left center,lineal heptarchy
Canterbury Roll,CRZ060,null,CRN060,left center,lineal heptarchy
Canterbury Roll,CRZ061,null,CRN061,left center,lineal heptarchy
Canterbury Roll,CRZ062,null,CRN062,left center,lineal heptarchy
Canterbury Roll,CRZ063,null,CRN063,left center,lineal heptarchy
Canterbury Roll,CRZ064,null,CRN064,left center,lineal heptarchy
Canterbury Roll,CRZ065,null,CRN065,left center,lineal heptarchy
Canterbury Roll,CRZ066,null,CRN066,left center,lineal heptarchy
Canterbury Roll,CRZ067,null,CRN067,left center,lineal heptarchy
Canterbury Roll,CRZ068,null,CRN068,left center,lineal heptarchy
Canterbury Roll,CRZ069,null,CRN069,left center,lineal heptarchy
Canterbury Roll,CRZ070,null,CRN070,left center,lineal heptarchy
Canterbury Roll,CRZ071,null,CRN071,left center,nonlineal heptarchy
Canterbury Roll,CRZ072,null,CRN072,left center,lineal heptarchy
Canterbury Roll,CRZ073,null,CRN073,left center,lineal heptarchy
Canterbury Roll,CRZ074,null,CRN074,left center,lineal heptarchy
Canterbury Roll,CRZ075,null,CRN075,left center,lineal heptarchy
Canterbury Roll,CRZ076,null,CRN076,left center,lineal heptarchy
Canterbury Roll,CRZ077,null,CRN077,left center,lineal heptarchy
Canterbury Roll,CRZ078,null,CRN078,left center,lineal heptarchy
Canterbury Roll,CRZ079,null,CRN079,left center,lineal heptarchy
Canterbury Roll,CRZ080,null,CRN080,left center,lineal heptarchy
Canterbury Roll,CRZ081,null,CRN081,left center,lineal heptarchy
Canterbury Roll,CRZ082,null,CRN082,left center,lineal heptarchy
Canterbury Roll,CRZ083,null,CRN083,left center,lineal heptarchy
Canterbury Roll,CRZ084,null,CRN084,left center,lineal heptarchy
Canterbury Roll,CRZ085,null,CRN085,left center,lineal heptarchy
Canterbury Roll,CRZ086,null,CRN086,left center,lineal heptarchy
Canterbury Roll,CRZ087,null,CRN087,left center,lineal heptarchy
Canterbury Roll,CRZ088,null,CRN088,left center,lineal heptarchy
Canterbury Roll,CRZ089,null,CRN089,left center,lineal heptarchy
Canterbury Roll,CRZ090,null,CRN090,left center,lineal heptarchy
Canterbury Roll,CRZ091,null,CRN091,center,lineal central
Canterbury Roll,CRZ092,null,CRN092,center,lineal central
Canterbury Roll,CRZ093,null,CRN093,center,lineal central
Canterbury Roll,CRZ094,null,CRN094,center,lineal central
Canterbury Roll,CRZ095,null,CRN095,center,lineal central
Canterbury Roll,CRZ096,null,CRN096,center,lineal central
Canterbury Roll,CRZ097,null,CRN097,center,lineal central
Canterbury Roll,CRZ098,null,CRN098,center,lineal central
Canterbury Roll,CRZ099,null,CRN099,center,lineal central
Canterbury Roll,CRZ100,null,CRN100,center,lineal central
Canterbury Roll,CRZ101,null,CRN101,right center,nonlineal central
Canterbury Roll,CRZ102,null,CRN105,right center,nonlineal central
Canterbury Roll,CRZ103,null,CRN102,right center,nonlineal central
Canterbury Roll,CRZ104,null,CRN103,right center,nonlineal central
Canterbury Roll,CRZ105,null,CRN104,center,lineal central
Canterbury Roll,CRZ106,null,CRN106,center,lineal central
Canterbury Roll,CRZ107,null,CRN107,center,lineal central
Canterbury Roll,CRZ108,null,CRN108,center,lineal central
Canterbury Roll,CRZ109,null,CRN109,right center,nonlineal central
Canterbury Roll,CRZ110,null,CRN110,right center,nonlineal central
Canterbury Roll,CRZ111,null,CRN111,right center,nonlineal central
Canterbury Roll,CRZ112,null,CRN112,right center,nonlineal central
Canterbury Roll,CRZ113,null,CRN113,center,lineal central
Canterbury Roll,CRZ114,null,CRN114,center,lineal central
Canterbury Roll,CRZ115,null,CRN115,center,lineal central
Canterbury Roll,CRZ116,null,CRN116,center,nonlineal central
Canterbury Roll,CRZ117,null,CRN117,right center,lineal welsh
Canterbury Roll,CRZ118,null,CRN118,right center,lineal welsh
Canterbury Roll,CRZ119,null,CRN119,right center,lineal welsh
Canterbury Roll,CRZ120,null,CRN120,right center,lineal welsh
Canterbury Roll,CRZ121,null,CRN121,right center,lineal welsh
Canterbury Roll,CRZ122,null,CRN122,right center,lineal welsh
Canterbury Roll,CRZ123,null,CRN123,right center,lineal welsh
Canterbury Roll,CRZ124,null,CRN124,right center,lineal welsh
Canterbury Roll,CRZ125,null,CRN125,right center,lineal welsh
Canterbury Roll,CRZ126,null,CRN126,right center,lineal welsh
Canterbury Roll,CRZ127,null,CRN127,right center,lineal welsh
Canterbury Roll,CRZ128,null,CRN128,right center,lineal welsh
Canterbury Roll,CRZ129,null,CRN129,right center,lineal welsh
Canterbury Roll,CRZ130,null,CRN130,right center,lineal welsh
Canterbury Roll,CRZ131,null,CRN131,right center,lineal welsh
Canterbury Roll,CRZ132,null,CRN132,right center,lineal welsh
Canterbury Roll,CRZ133,null,CRN133,right center,lineal welsh
Canterbury Roll,CRZ134,null,CRN134,right center,lineal welsh
Canterbury Roll,CRZ135,null,CRN135,right center,lineal welsh
Canterbury Roll,CRZ136,null,CRN136,right center,lineal welsh
Canterbury Roll,CRZ137,null,CRN137,right center,lineal welsh
Canterbury Roll,CRZ138,null,CRN138,right center,lineal welsh
Canterbury Roll,CRZ139,null,CRN139,right center,lineal welsh
Canterbury Roll,CRZ140,null,CRN140,right center,lineal welsh
Canterbury Roll,CRZ141,null,CRN141,right center,lineal welsh
Canterbury Roll,CRZ142,null,CRN142,right center,lineal welsh
Canterbury Roll,CRZ143,null,CRN143,right center,lineal welsh
Canterbury Roll,CRZ144,null,CRN144,right center,lineal welsh
Canterbury Roll,CRZ145,null,CRN145,right center,lineal welsh
Canterbury Roll,CRZ146,null,CRN146,right center,lineal welsh
Canterbury Roll,CRZ147,null,CRN147,right center,lineal welsh
Canterbury Roll,CRZ148,null,CRN148,right center,lineal welsh
Canterbury Roll,CRZ149,null,CRN149,right center,lineal welsh
Canterbury Roll,CRZ150,null,CRN150,right center,lineal welsh
Canterbury Roll,CRZ151,null,CRN151,right center,lineal welsh
Canterbury Roll,CRZ152,null,CRN152,right center,lineal welsh
Canterbury Roll,CRZ153,null,CRN153,right center,lineal welsh
Canterbury Roll,CRZ154,null,CRN154,right center,lineal welsh
Canterbury Roll,CRZ155,null,CRN155,right center,lineal welsh
Canterbury Roll,CRZ156,null,CRN156,right center,lineal welsh
Canterbury Roll,CRZ157,null,CRN157,right center,lineal welsh
Canterbury Roll,CRZ158,null,CRN158,right center,lineal welsh
Canterbury Roll,CRZ159,null,CRN159,right center,lineal welsh
Canterbury Roll,CRZ160,null,CRN160,right center,lineal welsh
Canterbury Roll,CRZ161,null,CRN161,right center,lineal welsh
Canterbury Roll,CRZ162,null,CRN162,right center,lineal welsh
Canterbury Roll,CRZ163,null,CRN163,right center,lineal welsh
Canterbury Roll,CRZ164,null,CRN164,right center,lineal welsh
Canterbury Roll,CRZ165,null,CRN165,right center,lineal welsh
Canterbury Roll,CRZ166,null,CRN166,right center,lineal welsh
Canterbury Roll,CRZ167,null,CRN167,right center,lineal welsh
Canterbury Roll,CRZ168,null,CRN168,right center,lineal welsh
Canterbury Roll,CRZ169,null,CRN169,right center,nonlineal welsh
Canterbury Roll,CRZ170,null,CRN170,right center,nonlineal welsh
Canterbury Roll,CRZ171,null,CRN171,right center,nonlineal welsh
Canterbury Roll,CRZ172,null,CRN172,right center,nonlineal welsh
Canterbury Roll,CRZ173,null,CRN173,right center,lineal welsh
Canterbury Roll,CRZ174,null,CRN174,right center,lineal welsh
Canterbury Roll,CRZ175,null,CRN175,right center,lineal welsh
Canterbury Roll,CRZ176,null,CRN176,right center,lineal welsh
Canterbury Roll,CRZ177,null,CRN177,right center,lineal welsh
Canterbury Roll,CRZ178,null,CRN178,right center,lineal welsh
Canterbury Roll,CRZ179,null,CRN179,right center,lineal welsh
Canterbury Roll,CRZ180,null,CRN180,right center,lineal welsh
Canterbury Roll,CRZ181,null,CRN181,right center,lineal welsh
Canterbury Roll,CRZ182,null,CRN182,right center,lineal welsh
Canterbury Roll,CRZ183,null,CRN183,right center,lineal welsh
Canterbury Roll,CRZ184,null,CRN184,right center,lineal welsh
Canterbury Roll,CRZ185,null,CRN185,center,lineal central
Canterbury Roll,CRZ186,null,CRN186,center,lineal central
Canterbury Roll,CRZ187,null,CRN187,center,lineal central
Canterbury Roll,CRZ188,null,CRN188,center,lineal central
Canterbury Roll,CRZ189,null,CRN189,center,lineal central
Canterbury Roll,CRZ190,null,CRN190,center,lineal central
Canterbury Roll,CRZ191,null,CRN191,center,lineal central
Canterbury Roll,CRZ192,null,CRN192,center,lineal central
Canterbury Roll,CRZ193,null,CRN193,center,lineal central
Canterbury Roll,CRZ194,null,CRN194,center,nonlineal central
Canterbury Roll,CRZ195,null,CRN195,center,nonlineal central
Canterbury Roll,CRZ196,null,CRN196,center,nonlineal central
Canterbury Roll,CRZ197,null,CRN197,center,lineal central
Canterbury Roll,CRZ198,null,CRN198,center,lineal central
Canterbury Roll,CRZ199,null,CRN199,center,lineal central
Canterbury Roll,CRZ200,null,CRN200,center,lineal central
Canterbury Roll,CRZ201,null,CRN201,center,lineal central
Canterbury Roll,CRZ202,null,CRN202,center,lineal central
Canterbury Roll,CRZ203,null,CRN203,center,lineal central
Canterbury Roll,CRZ204,null,CRN204,center,lineal central
Canterbury Roll,CRZ205,null,CRN205,center,lineal central
Canterbury Roll,CRZ206,null,CRN206,center,lineal central
Canterbury Roll,CRZ207,null,CRN207,center,nonlineal central
Canterbury Roll,CRZ208,null,CRN208,center,lineal central
Canterbury Roll,CRZ209,null,CRN209,center,lineal central
Canterbury Roll,CRZ210,null,CRN210,center,lineal central
Canterbury Roll,CRZ211,null,CRN211,center,lineal central
Canterbury Roll,CRZ212,null,CRN212,center,lineal central
Canterbury Roll,CRZ213,null,CRN213,center,nonlineal central
Canterbury Roll,CRZ214,null,CRN214,center,lineal central
Canterbury Roll,CRZ215,null,CRN215,center,lineal central
Canterbury Roll,CRZ216,null,CRN216,center,lineal central
Canterbury Roll,CRZ217,null,CRN217,center,lineal central
Canterbury Roll,CRZ218,null,CRN218,center,lineal central
Canterbury Roll,CRZ219,null,CRN219,center,lineal central
Canterbury Roll,CRZ220,null,CRN220,center,lineal central
Canterbury Roll,CRZ221,null,CRN221,center,lineal central
Canterbury Roll,CRZ222,null,CRN222,center,lineal central
Canterbury Roll,CRZ223,null,CRN223,center,lineal central
Canterbury Roll,CRZ224,null,CRN224,center,lineal central
Canterbury Roll,CRZ225,null,CRN225,center,lineal central
Canterbury Roll,CRZ226,null,CRN226,center,lineal central
Canterbury Roll,CRZ227,null,CRN227,center,lineal central
Canterbury Roll,CRZ228,null,CRN228,center,lineal central
Canterbury Roll,CRZ229,null,CRN229,center,lineal central
Canterbury Roll,CRZ230,null,CRN230,center,nonlineal central
Canterbury Roll,CRZ231,null,CRN231,center,nonlineal central
Canterbury Roll,CRZ232,null,CRN232,center,lineal central
Canterbury Roll,CRZ233,null,CRN233,center,lineal central
Canterbury Roll,CRZ234,null,CRN234,center,lineal central
Canterbury Roll,CRZ235,null,CRN235,center,lineal central
Canterbury Roll,CRZ236,null,CRN236,center,lineal central
Canterbury Roll,CRZ237,null,CRN237,center,lineal central
Canterbury Roll,CRZ238,null,CRN238,center,lineal central
Canterbury Roll,CRZ239,null,CRN239,center,lineal central
Canterbury Roll,CRZ240,null,CRN240,center,lineal central
Canterbury Roll,CRZ241,null,CRN241,center,lineal central
Canterbury Roll,CRZ242,null,CRN242,center,lineal central
Canterbury Roll,CRZ243,null,CRN243,center,nonlineal central
Canterbury Roll,CRZ244,null,CRN244,center,lineal central
Canterbury Roll,CRZ245,null,CRN245,center,lineal central
Canterbury Roll,CRZ246,null,CRN246,center,lineal central
Canterbury Roll,CRZ247,null,CRN247,center,lineal central
Canterbury Roll,CRZ248,null,CRN248,center,lineal central
Canterbury Roll,CRZ249,null,CRN249,center,lineal central
Canterbury Roll,CRZ250,null,CRN250,center,lineal central
Canterbury Roll,CRZ251,null,CRN251,center,lineal central
Canterbury Roll,CRZ252,null,CRN252,center,lineal central
Canterbury Roll,CRZ253,null,CRN253,center,nonlineal central
Canterbury Roll,CRZ254,null,CRN254,center,nonlineal central
Canterbury Roll,CRZ255,null,CRN255,center,lineal central
Canterbury Roll,CRZ256,null,CRN256,center,nonlineal central
Canterbury Roll,CRZ257,null,CRN257,center,lineal central
Canterbury Roll,CRZ258,null,CRN258,center,lineal central
Canterbury Roll,CRZ259,null,CRN259,center,lineal central
Canterbury Roll,CRZ260,null,CRN260,center,lineal central
Canterbury Roll,CRZ261,null,CRN261,center,lineal central
Canterbury Roll,CRZ262,null,CRN263,center,lineal central
Canterbury Roll,CRZ263,null,CRN262,center,lineal central
Canterbury Roll,CRZ264,null,CRN264,center,lineal central
Canterbury Roll,CRZ265,null,CRN265,center,lineal central
Canterbury Roll,CRZ266,null,CRN266,center,lineal central
Canterbury Roll,CRZ267,null,CRN267,center,lineal central
Canterbury Roll,CRZ268,null,CRN268,center,lineal central
Canterbury Roll,CRZ269,null,CRN269,center,lineal central
Canterbury Roll,CRZ270,null,CRN270,center,lineal central
Canterbury Roll,CRZ271,null,CRN271,center,lineal central
Canterbury Roll,CRZ272,null,CRN272,center,lineal central
Canterbury Roll,CRZ273,null,CRN273,center,lineal central
Canterbury Roll,CRZ274,null,CRN274,center,lineal central
Canterbury Roll,CRZ275,null,CRN275,center,lineal central
Canterbury Roll,CRZ276,null,CRN276,center,lineal central
Canterbury Roll,CRZ277,null,CRN277,center,lineal central
Canterbury Roll,CRZ278,null,CRN278,center,lineal central
Canterbury Roll,CRZ279,null,CRN279,center,lineal central
Canterbury Roll,CRZ280,null,CRN280,center,lineal central
Canterbury Roll,CRZ281,null,CRN281,center,lineal central
Canterbury Roll,CRZ282,null,CRN282,center,lineal central
Canterbury Roll,CRZ283,null,CRN283,center,lineal central
Canterbury Roll,CRZ284,null,CRN284,center,lineal central
Canterbury Roll,CRZ285,null,CRN285,center,lineal central
Canterbury Roll,CRZ286,null,CRN286,center,lineal central
Canterbury Roll,CRZ287,null,CRN287,center,lineal central
Canterbury Roll,CRZ288,null,CRN288,left center,lineal heptarchy
Canterbury Roll,CRZ289,null,CRN289,left center,lineal heptarchy
Canterbury Roll,CRZ290,null,CRN290,left center,lineal heptarchy
Canterbury Roll,CRZ291,null,CRN291,left center,lineal heptarchy
Canterbury Roll,CRZ292,null,CRN292,left center,lineal heptarchy
Canterbury Roll,CRZ293,null,CRN293,left center,lineal heptarchy
Canterbury Roll,CRZ294,null,CRN294,left center,lineal heptarchy
Canterbury Roll,CRZ295,null,CRN295,left center,lineal heptarchy
Canterbury Roll,CRZ296,null,CRN296,left center,lineal heptarchy
Canterbury Roll,CRZ297,null,CRN297,left center,lineal heptarchy
Canterbury Roll,CRZ298,null,CRN298,left center,lineal heptarchy
Canterbury Roll,CRZ299,null,CRN299,left center,lineal heptarchy
Canterbury Roll,CRZ300,null,CRN300,left center,lineal heptarchy
Canterbury Roll,CRZ301,null,CRN301,left center,lineal heptarchy
Canterbury Roll,CRZ302,null,CRN302,left center,lineal heptarchy
Canterbury Roll,CRZ303,null,CRN303,left center,lineal heptarchy
Canterbury Roll,CRZ304,null,CRN304,left center,lineal heptarchy
Canterbury Roll,CRZ305,null,CRN305,left center,lineal heptarchy
Canterbury Roll,CRZ306,null,CRN306,left center,lineal heptarchy
Canterbury Roll,CRZ307,null,CRN307,left center,lineal heptarchy
Canterbury Roll,CRZ308,null,CRN308,left center,lineal heptarchy
Canterbury Roll,CRZ309,null,CRN309,left center,lineal heptarchy
Canterbury Roll,CRZ310,null,CRN310,left center,lineal heptarchy
Canterbury Roll,CRZ311,null,CRN311,left center,lineal heptarchy
Canterbury Roll,CRZ312,null,CRN312,left center,lineal heptarchy
Canterbury Roll,CRZ313,null,CRN313,left center,lineal heptarchy
Canterbury Roll,CRZ314,null,CRN314,left center,lineal heptarchy
Canterbury Roll,CRZ315,null,CRN315,left center,lineal heptarchy
Canterbury Roll,CRZ316,null,CRN316,left center,lineal heptarchy
Canterbury Roll,CRZ317,null,CRN317,left center,lineal heptarchy
Canterbury Roll,CRZ318,null,CRN318,left center,lineal heptarchy
Canterbury Roll,CRZ319,null,CRN319,left center,lineal heptarchy
Canterbury Roll,CRZ320,null,CRN320,left center,lineal heptarchy
Canterbury Roll,CRZ321,null,CRN321,left center,lineal heptarchy
Canterbury Roll,CRZ322,null,CRN322,left center,lineal heptarchy
Canterbury Roll,CRZ323,null,CRN323,left center,lineal heptarchy
Canterbury Roll,CRZ324,null,CRN324,left center,lineal heptarchy
Canterbury Roll,CRZ325,null,CRN325,left center,lineal heptarchy
Canterbury Roll,CRZ326,null,CRN326,left center,lineal heptarchy
Canterbury Roll,CRZ327,null,CRN327,left center,lineal heptarchy
Canterbury Roll,CRZ328,null,CRN328,left center,lineal heptarchy
Canterbury Roll,CRZ329,null,CRN329,left center,lineal heptarchy
Canterbury Roll,CRZ330,null,CRN330,left center,lineal heptarchy
Canterbury Roll,CRZ331,null,CRN331,left center,lineal heptarchy
Canterbury Roll,CRZ332,null,CRN332,left center,lineal heptarchy
Canterbury Roll,CRZ333,null,CRN333,left center,lineal heptarchy
Canterbury Roll,CRZ334,null,CRN334,left center,lineal heptarchy
Canterbury Roll,CRZ335,null,CRN335,left center,lineal heptarchy
Canterbury Roll,CRZ336,null,CRN336,left center,lineal heptarchy
Canterbury Roll,CRZ337,null,CRN337,left center,lineal heptarchy
Canterbury Roll,CRZ338,null,CRN338,left center,lineal heptarchy
Canterbury Roll,CRZ339,null,CRN339,left center,lineal heptarchy
Canterbury Roll,CRZ340,null,CRN340,left center,lineal heptarchy
Canterbury Roll,CRZ341,null,CRN341,left center,lineal heptarchy
Canterbury Roll,CRZ342,null,CRN342,left center,lineal heptarchy
Canterbury Roll,CRZ343,null,CRN343,left center,lineal heptarchy
Canterbury Roll,CRZ344,null,CRN344,left center,lineal heptarchy
Canterbury Roll,CRZ345,null,CRN345,left center,lineal heptarchy
Canterbury Roll,CRZ346,null,CRN346,left center,lineal heptarchy
Canterbury Roll,CRZ347,null,CRN347,left center,lineal heptarchy
Canterbury Roll,CRZ348,null,CRN348,left center,lineal heptarchy
Canterbury Roll,CRZ349,null,CRN349,left center,lineal heptarchy
Canterbury Roll,CRZ350,null,CRN350,left center,lineal heptarchy
Canterbury Roll,CRZ351,null,CRN351,left center,lineal heptarchy
Canterbury Roll,CRZ352,null,CRN353,left center,lineal heptarchy
Canterbury Roll,CRZ353,null,CRN352,left center,lineal heptarchy
Canterbury Roll,CRZ354,null,CRN354,left center,lineal heptarchy
Canterbury Roll,CRZ355,null,CRN355,left center,lineal heptarchy
Canterbury Roll,CRZ356,null,CRN356,left center,lineal heptarchy
Canterbury Roll,CRZ357,null,CRN357,left center,lineal heptarchy
Canterbury Roll,CRZ358,null,CRN358,left center,lineal heptarchy
Canterbury Roll,CRZ359,null,CRN359,left center,lineal heptarchy
Canterbury Roll,CRZ360,null,CRN360,left center,lineal heptarchy
Canterbury Roll,CRZ361,null,CRN361,left center,lineal heptarchy
Canterbury Roll,CRZ362,null,CRN362,left center,lineal heptarchy
Canterbury Roll,CRZ363,null,CRN363,left center,lineal heptarchy
Canterbury Roll,CRZ364,null,CRN364,left center,lineal heptarchy
Canterbury Roll,CRZ365,null,CRN365,left center,lineal heptarchy
Canterbury Roll,CRZ366,null,CRN366,left center,lineal heptarchy
Canterbury Roll,CRZ367,null,CRN367,left center,lineal heptarchy
Canterbury Roll,CRZ368,null,CRN368,left center,lineal heptarchy
Canterbury Roll,CRZ369,null,CRN369,left center,lineal heptarchy
Canterbury Roll,CRZ370,null,CRN370,left center,lineal heptarchy
Canterbury Roll,CRZ371,null,CRN371,left center,lineal heptarchy
Canterbury Roll,CRZ372,null,CRN372,left center,lineal heptarchy
Canterbury Roll,CRZ373,null,CRN373,left center,lineal heptarchy
Canterbury Roll,CRZ374,null,CRN374,left center,lineal heptarchy
Canterbury Roll,CRZ375,null,CRN375,left center,lineal heptarchy
Canterbury Roll,CRZ376,null,CRN376,left center,lineal heptarchy
Canterbury Roll,CRZ377,null,CRN377,left center,lineal heptarchy
Canterbury Roll,CRZ378,null,CRN378,left center,lineal heptarchy
Canterbury Roll,CRZ379,null,CRN379,left center,lineal heptarchy
Canterbury Roll,CRZ380,null,CRN380,left center,lineal heptarchy
Canterbury Roll,CRZ381,null,CRN381,left center,lineal heptarchy
Canterbury Roll,CRZ382,null,CRN382,left center,lineal heptarchy
Canterbury Roll,CRZ383,null,CRN383,left center,lineal heptarchy
Canterbury Roll,CRZ384,null,CRN384,left center,lineal heptarchy
Canterbury Roll,CRZ385,null,CRN385,left center,lineal heptarchy
Canterbury Roll,CRZ386,null,CRN386,left center,lineal heptarchy
Canterbury Roll,CRZ387,null,CRN387,left center,lineal heptarchy
Canterbury Roll,CRZ388,null,CRN388,left center,lineal heptarchy
Canterbury Roll,CRZ389,null,CRN389,left center,lineal heptarchy
Canterbury Roll,CRZ390,null,CRN390,left center,lineal heptarchy
Canterbury Roll,CRZ391,null,CRN391,left center,lineal heptarchy
Canterbury Roll,CRZ392,null,CRN392,center,lineal central
Canterbury Roll,CRZ393,null,CRN393,center,lineal central
Canterbury Roll,CRZ394,null,CRN394,center,lineal central
Canterbury Roll,CRZ395,null,CRN395,center,lineal central
Canterbury Roll,CRZ396,null,CRN396,center,lineal central
Canterbury Roll,CRZ397,null,CRN397,center,lineal central
Canterbury Roll,CRZ398,null,CRN398,center,lineal central
Canterbury Roll,CRZ399,null,CRN399,center,lineal central
Canterbury Roll,CRZ400,null,CRN400,center,nonlineal central
Canterbury Roll,CRZ401,null,CRN401,center,nonlineal central
Canterbury Roll,CRZ402,null,CRN402,center,nonlineal central
Canterbury Roll,CRZ403,null,CRN403,center,nonlineal central
Canterbury Roll,CRZ404,null,CRN404,center,nonlineal central
Canterbury Roll,CRZ405,null,CRN405,center,lineal central
Canterbury Roll,CRZ406,null,CRN406,center,lineal central
Canterbury Roll,CRZ407,null,CRN407,center,nonlineal central
Canterbury Roll,CRZ408,null,CRN408,center,nonlineal central
Canterbury Roll,CRZ409,null,CRN409,center,lineal central
Canterbury Roll,CRZ410,null,CRN410,center,lineal central
Canterbury Roll,CRZ411,null,CRN411,center,lineal central
Canterbury Roll,CRZ412,null,CRN412,center,nonlineal central
Canterbury Roll,CRZ413,null,CRN413,center,nonlineal central
Canterbury Roll,CRZ414,null,CRN414,center,lineal central
Canterbury Roll,CRZ415,null,CRN415,center,lineal central
Canterbury Roll,CRZ416,null,CRN416,center,nonlineal central
Canterbury Roll,CRZ417,null,CRN417,center,nonlineal central
Canterbury Roll,CRZ418,null,CRN418,center,nonlineal central
Canterbury Roll,CRZ419,null,CRN419,center,lineal central
Canterbury Roll,CRZ420,null,CRN420,center,nonlineal central
Canterbury Roll,CRZ421,null,CRN421,center,nonlineal central
Canterbury Roll,CRZ422,null,CRN423,center,nonlineal central
Canterbury Roll,CRZ423,null,CRN424,center,nonlineal central
Canterbury Roll,CRZ424,null,CRN422,center,nonlineal central
Canterbury Roll,CRZ425,null,CRN425,center,nonlineal central
Canterbury Roll,CRZ426,null,CRN426,center,nonlineal central
Canterbury Roll,CRZ427,null,CRN427,center,nonlineal central
Canterbury Roll,CRZ428,null,CRN428,center,lineal central
Canterbury Roll,CRZ429,null,CRN429,center,nonlineal central
Canterbury Roll,CRZ430,null,CRN430,center,nonlineal central
Canterbury Roll,CRZ431,null,CRN431,center,lineal central
Canterbury Roll,CRZ432,null,CRN432,center,lineal central
Canterbury Roll,CRZ433,null,CRN433,center,lineal central
Canterbury Roll,CRZ434,null,CRN434,center,lineal central
Canterbury Roll,CRZ435,null,CRN435,center,lineal central
Canterbury Roll,CRZ436,null,CRN436,center,nonlineal central
Canterbury Roll,CRZ437,null,CRN437,center,nonlineal central
Canterbury Roll,CRZ438,null,CRN438,center,nonlineal central
Canterbury Roll,CRZ439,null,CRN439,center,nonlineal central
Canterbury Roll,CRZ440,null,CRN440,center,nonlineal central
Canterbury Roll,CRZ441,null,CRN441,center,lineal central
Canterbury Roll,CRZ442,null,CRN442,center,nonlineal central
Canterbury Roll,CRZ443,null,CRN443,center,lineal central
Canterbury Roll,CRZ444,null,CRN444,center,nonlineal central
Canterbury Roll,CRZ445,null,CRN445,center,nonlineal central
Canterbury Roll,CRZ446,null,CRN446,center,lineal central
Canterbury Roll,CRZ447,null,CRN447,center,nonlineal central
Canterbury Roll,CRZ448,null,CRN448,center,lineal central
Canterbury Roll,CRZ449,null,CRN449,center,lineal central
Canterbury Roll,CRZ450,null,CRN450,center,nonlineal central
Canterbury Roll,CRZ451,null,CRN451,center,nonlineal central
Canterbury Roll,CRZ452,null,CRN452,center,nonlineal central
Canterbury Roll,CRZ453,null,CRN453,center,nonlineal central
Canterbury Roll,CRZ454,null,CRN454,center,nonlineal central
Canterbury Roll,CRZ455,null,CRN455,center,nonlineal central
Canterbury Roll,CRZ456,null,CRN456,center,nonlineal central
Canterbury Roll,CRZ457,null,CRN457,center,nonlineal central
Canterbury Roll,CRZ458,null,CRN458,center,lineal central
Canterbury Roll,CRZ459,null,CRN459,center,nonlineal central
Canterbury Roll,CRZ460,null,CRN460,center,nonlineal central
Canterbury Roll,CRZ461,null,CRN461,center,lineal central
Canterbury Roll,CRZ462,null,CRN462,center,nonlineal central
Canterbury Roll,CRZ463,null,CRN463,center,nonlineal central
Canterbury Roll,CRZ464,null,CRN464,center,nonlineal central
Canterbury Roll,CRZ465,null,CRN465,center,nonlineal central
Canterbury Roll,CRZ466,null,CRN466,center,nonlineal central
Canterbury Roll,CRZ467,null,CRN467,center,nonlineal central
Canterbury Roll,CRZ468,null,CRN468,center,lineal central
Canterbury Roll,CRZ469,null,CRN469,center,nonlineal central
Canterbury Roll,CRZ470,null,CRN470,center,nonlineal central
Canterbury Roll,CRZ471,null,CRN471,center,nonlineal central
Canterbury Roll,CRZ472,null,CRN472,center,nonlineal central
Canterbury Roll,CRZ473,null,CRN473,center,nonlineal central
Canterbury Roll,CRZ474,null,CRN474,center,nonlineal central
Canterbury Roll,CRZ475,null,CRN475,center,nonlineal central
Canterbury Roll,CRZ476,null,CRN476,center,nonlineal central
Canterbury Roll,CRZ477,null,CRN477,center,lineal central
Canterbury Roll,CRZ478,null,CRN478,center,nonlineal central
Canterbury Roll,CRZ479,null,CRN479,center,nonlineal central
Canterbury Roll,CRZ480,null,CRN480,center,nonlineal central
Canterbury Roll,CRZ481,null,CRN481,center,nonlineal central
Canterbury Roll,CRZ482,null,CRN482,center,nonlineal central
Canterbury Roll,CRZ483,null,CRN483,center,nonlineal central
Canterbury Roll,CRZ484,null,CRN484,center,nonlineal central
Canterbury Roll,CRZ485,null,CRN485,center,nonlineal central
Canterbury Roll,CRZ486,null,CRN486,center,nonlineal central
Canterbury Roll,CRZ487,null,CRN487,center,nonlineal central
Canterbury Roll,CRZ488,null,CRN488,center,nonlineal central
Canterbury Roll,CRZ489,null,CRN489,center,nonlineal central
Canterbury Roll,CRZ490,null,CRN490,center,nonlineal central
Canterbury Roll,CRZ491,null,CRN491,center,nonlineal central
Canterbury Roll,CRZ492,null,CRN492,center,lineal central
Canterbury Roll,CRZ493,null,CRN493,center,lineal central
Canterbury Roll,CRZ494,null,CRN494,center,lineal central
Canterbury Roll,CRZ495,null,CRN495,center,nonlineal central
Canterbury Roll,CRZ496,null,CRN496,center,nonlineal central
Canterbury Roll,CRZ497,null,CRN497,center,lineal central
Canterbury Roll,CRZ498,null,CRN498,center,nonlineal central
Canterbury Roll,CRZ499,null,CRN499,center,lineal central
Canterbury Roll,CRZ500,null,CRN500,center,nonlineal central
Canterbury Roll,CRZ501,null,CRN501,center,nonlineal central
Canterbury Roll,CRZ502,null,CRN502,center,lineal central
Canterbury Roll,CRZ503,null,CRN503,center,nonlineal central
Canterbury Roll,CRZ504,null,CRN504,center,nonlineal central
Canterbury Roll,CRZ505,null,CRN505,center,nonlineal central
Canterbury Roll,CRZ506,null,CRN506,center,nonlineal central
Canterbury Roll,CRZ507,null,CRN507,left center,nonlineal central
Canterbury Roll,CRZ508,null,CRN508,right center,nonlineal central
Canterbury Roll,CRZ509,null,CRN509,left center,nonlineal central
Canterbury Roll,CRZ510,null,CRN510,left center,nonlineal central
Canterbury Roll,CRZ511,null,CRN511,left center,nonlineal central
Canterbury Roll,CRZ512,null,CRN512,left center,nonlineal central
Canterbury Roll,CRZ513,null,CRN513,left center,nonlineal central
Canterbury Roll,CRZ514,null,CRN514,left center,nonlineal central
Canterbury Roll,CRZ515,null,CRN515,left center,nonlineal central
Canterbury Roll,CRZ516,null,CRN516,left center,nonlineal central
Canterbury Roll,CRZ517,null,CRN517,left center,nonlineal central
Canterbury Roll,CRZ518,null,CRN518,left center,nonlineal central
Canterbury Roll,CRZ519,null,CRN519,center,lineal central
Canterbury Roll,CRZ520,null,CRN520,right center,nonlineal central
Canterbury Roll,CRZ521,null,CRN521,right center,nonlineal central
Canterbury Roll,CRZ522,null,CRN522,right center,nonlineal central
Canterbury Roll,CRZ523,null,CRN523,center,nonlineal central
Canterbury Roll,CRZ524,null,CRN524,center,nonlineal central
Canterbury Roll,CRZ525,null,CRN525,center,nonlineal central
Canterbury Roll,CRZ526,null,CRN526,center,nonlineal central
Canterbury Roll,CRZ527,null,CRN527,center,nonlineal central
Canterbury Roll,CRZ528,null,CRN528,center,nonlineal central
Canterbury Roll,CRZ529,null,CRN529,center,nonlineal central
Canterbury Roll,CRZ530,null,CRN530,center,nonlineal central
Canterbury Roll,CRZ531,null,CRN531,center,nonlineal central
Canterbury Roll,CRZ532,null,CRN532,center,nonlineal central
Canterbury Roll,CRZ533,null,CRN533,center,nonlineal central
Canterbury Roll,CRZ534,null,CRN534,center,nonlineal central
Canterbury Roll,CRZ535,null,CRN535,center,nonlineal central
Canterbury Roll,CRZ536,null,CRN536,center,nonlineal central
Canterbury Roll,CRZ537,null,CRN537,center,nonlineal central
Canterbury Roll,CRZ538,null,CRN538,center,nonlineal central
Canterbury Roll,CRZ539,null,CRN539,center,nonlineal central
Canterbury Roll,CRZ540,null,CRN540,center,nonlineal central
Canterbury Roll,CRZ541,null,CRN541,right,nonlineal central
Canterbury Roll,CRZ542,null,CRN542,right,nonlineal central
Canterbury Roll,CRZ543,null,CRN543,right,nonlineal central
Canterbury Roll,CRZ544,null,CRN544,right,nonlineal central
Canterbury Roll,CRZ545,null,CRN545,right,nonlineal central
Canterbury Roll,CRZ546,null,CRN546,right,nonlineal central
Canterbury Roll,CRZ547,null,CRN547,right,nonlineal central
Canterbury Roll,CRZ548,null,CRN548,right,nonlineal central
Canterbury Roll,CRZ549,null,CRN549,right,nonlineal central
Canterbury Roll,CRZ550,null,CRN550,right,nonlineal central
Canterbury Roll,CRZ551,null,CRN551,right,nonlineal central
Canterbury Roll,CRZ552,null,CRN552,right,nonlineal central
Canterbury Roll,CRZ553,null,CRN553,right,nonlineal central
Canterbury Roll,CRZ554,null,CRN554,right,nonlineal central
Canterbury Roll,CRZ555,null,CRN555,right,nonlineal central
Canterbury Roll,CRZ556,null,CRN556,right,nonlineal central
Canterbury Roll,CRZ557,null,CRN557,right,nonlineal central
Canterbury Roll,CRZ558,null,CRN558,right,nonlineal central
Canterbury Roll,CRZ559,null,CRN559,right,nonlineal central
Canterbury Roll,CRZ560,null,CRN560,right,nonlineal central
Canterbury Roll,CRZ561,null,CRN561,right,nonlineal central
Canterbury Roll,CRZ562,null,CRN562,right center,nonlineal central
Canterbury Roll,CRZ563,null,CRN563,right center,nonlineal central
Canterbury Roll,CRZ564,null,CRN564,right center,nonlineal central
Canterbury Roll,CRZ565,null,CRN565,right center,nonlineal central
Canterbury Roll,CRZ566,null,CRN566,right center,nonlineal central
Canterbury Roll,CRZ567,null,CRN567,center,lineal central
Canterbury Roll,CRZ568,null,CRN568,center,nonlineal central
Canterbury Roll,CRZ569,null,CRN569,left,nonlineal central
Canterbury Roll,CRZ570,null,CRN570,left,nonlineal central
Canterbury Roll,CRZ571,null,CRN571,left,nonlineal central
Canterbury Roll,CRZ572,null,CRN572,left,nonlineal central
Canterbury Roll,CRZ573,null,CRN573,left,nonlineal central
Canterbury Roll,CRZ574,null,CRN574,left,nonlineal central
Canterbury Roll,CRZ575,null,CRN575,left,nonlineal central
Canterbury Roll,CRZ576,null,CRN576,left,nonlineal central
Canterbury Roll,CRZ577,null,CRN577,left,nonlineal central
Canterbury Roll,CRZ578,null,CRN578,left,nonlineal central
Canterbury Roll,CRZ579,null,CRN579,left,nonlineal central
Canterbury Roll,CRZ580,null,CRN580,left,nonlineal central
Canterbury Roll,CRZ581,null,CRN581,left,nonlineal central
Canterbury Roll,CRZ582,null,CRN582,left,nonlineal central
Canterbury Roll,CRZ583,null,CRN583,left,nonlineal central
Canterbury Roll,CRZ584,null,CRN584,left,nonlineal central
Canterbury Roll,CRZ585,null,CRN585,left,nonlineal central
Canterbury Roll,CRZ586,null,CRN586,left,nonlineal central
Canterbury Roll,CRZ587,null,CRN587,left,nonlineal central
Canterbury Roll,CRZ588,null,CRN588,left,nonlineal central
Canterbury Roll,CRZ589,null,CRN589,center,nonlineal central
Canterbury Roll,CRZ590,null,CRN590,right,nonlineal central
Canterbury Roll,CRZ591,null,CRN591,right,nonlineal central
Canterbury Roll,CRZ592,null,CRN592,right,nonlineal central
Canterbury Roll,CRZ593,null,CRN593,left,nonlineal central
Canterbury Roll,CRZ594,null,CRN594,left,nonlineal	central
Canterbury Roll,CRZ595,null,CRN595,left,nonlineal	central
Canterbury Roll,CRZ596,null,CRN596,left,nonlineal	central
Canterbury Roll,CRZ597,null,CRN597,left,nonlineal	central
Canterbury Roll,CRZ598,null,CRN598,left,nonlineal	central
Canterbury Roll,CRZ599,null,CRN599,left,lineal french
Canterbury Roll,CRZ600,null,CRN600,left,lineal french
Canterbury Roll,CRZ601,null,CRN601,left,lineal french
Canterbury Roll,CRZ602,null,CRN602,left,lineal french
Canterbury Roll,CRZ603,null,CRN603,left,lineal french
Canterbury Roll,CRZ604,null,CRN604,left,lineal french
Canterbury Roll,CRZ605,null,CRN605,left,lineal french
Canterbury Roll,CRZ606,null,CRN606,left,lineal french
Canterbury Roll,CRZ607,null,CRN607,left,nonlineal french
Canterbury Roll,CRZ608,null,CRN608,left,nonlineal french
Canterbury Roll,CRZ609,null,CRN609,left,nonlineal french
Canterbury Roll,CRZ610,null,CRN610,left,nonlineal french
Canterbury Roll,CRZ611,null,CRN611,left,nonlineal french
Canterbury Roll,CRZ612,null,CRN612,left center,lineal norman
Canterbury Roll,CRZ613,null,CRN613,left center,lineal norman
Canterbury Roll,CRZ614,null,CRN614,left center,lineal norman
Canterbury Roll,CRZ615,null,CRN615,left center,nonlineal norman
Canterbury Roll,CRZ616,null,CRN616,left center,nonlineal norman
Canterbury Roll,CRZ617,null,CRN617,left center,lineal norman
Canterbury Roll,CRZ618,null,CRN618,left center,lineal norman
Canterbury Roll,CRZ619,null,CRN619,left center,lineal norman
Canterbury Roll,CRZ620,null,CRN620,left center,nonlineal norman
Canterbury Roll,CRZ621,null,CRN621,left center,lineal norman
Canterbury Roll,CRZ622,null,CRN622,left center,lineal norman
Canterbury Roll,CRZ625,CRC001,null,right,null
Canterbury Roll,CRZ626,CRC005,null,right,null
Canterbury Roll,CRZ627,CRC006,null,right,null
Canterbury Roll,CRZ628,CRC007,null,right,null
Canterbury Roll,CRZ629,CRC009,null,left,null
Canterbury Roll,CRZ630,CRC008,null,left center,lineal japhet
Canterbury Roll,CRZ631,CRC011,null,left center,lineal japhet
Canterbury Roll,CRZ632,CRC012,null,left center,lineal japhet
Canterbury Roll,CRZ633,CRC016,null,right center,lineal central
Canterbury Roll,CRZ634,CRC013,null,left,null
Canterbury Roll,CRZ635,CRC017,null,left center,lineal japhet
Canterbury Roll,CRZ636,CRC018,null,right center,lineal central
Canterbury Roll,CRZ637,CRC019,null,right center,lineal central
Canterbury Roll,CRZ638,CRC020,null,right center,lineal central
Canterbury Roll,CRZ639,CRC015,null,left,null
Canterbury Roll,CRZ640,CRC022,null,left center,lineal japhet
Canterbury Roll,CRZ641,CRC010,null,right,null
Canterbury Roll,CRZ642,CRC014,null,right,null
Canterbury Roll,CRZ643,CRC021,null,right,null
Canterbury Roll,CRZ644,CRC023,null,left,null
Canterbury Roll,CRZ645,CRC026,null,left,null
Canterbury Roll,CRZ646,CRC024,null,right,null
Canterbury Roll,CRZ647,CRC025,null,right,null
Canterbury Roll,CRZ648,CRC027,null,left,null
Canterbury Roll,CRZ649,CRC028,null,left,null
Canterbury Roll,CRZ650,CRC029,null,left,null
Canterbury Roll,CRZ651,CRC030,null,left,null
Canterbury Roll,CRZ652,CRC031,null,right,null
Canterbury Roll,CRZ654,CRC032,null,right,null
Canterbury Roll,CRZ655,CRC033,null,right,null
Canterbury Roll,CRZ656,CRC035,null,left,null
Canterbury Roll,CRZ657,CRC036,null,left center,lineal japhet
Canterbury Roll,CRZ658,CRC039,null,left,null
Canterbury Roll,CRZ659,CRC037,null,right,null
Canterbury Roll,CRZ660,CRC038,null,right,null
Canterbury Roll,CRZ661,CRC040,null,right,null
Canterbury Roll,CRZ662,CRC041,null,right,null
Canterbury Roll,CRZ663,CRC042,null,right,null
Canterbury Roll,CRZ664,CRC043,null,left center,lineal japhet
Canterbury Roll,CRZ665,CRC045,null,right,null
Canterbury Roll,CRZ666,CRC044,null,left,null
Canterbury Roll,CRZ667,CRC047,null,left,null
Canterbury Roll,CRZ669,CRC048,null,right center,lineal central
Canterbury Roll,CRZ670,CRC046,null,right,null
Canterbury Roll,CRZ671,CRC054,null,right center,lineal central
Canterbury Roll,CRZ672,CRC049,null,right,null
Canterbury Roll,CRZ674,CRC052,null,left center,lineal japhet
Canterbury Roll,CRZ675,CRC051,null,left,null
Canterbury Roll,CRZ676,CRC055,null,left,null
Canterbury Roll,CRZ677,CRC057,null,left,null
Canterbury Roll,CRZ678,CRC050,null,right,null
Canterbury Roll,CRZ680,CRC053,null,right,null
Canterbury Roll,CRZ682,CRC056,null,right,null
Canterbury Roll,CRZ683,CRC058,null,right center,lineal central
Canterbury Roll,CRZ684,CRC059,null,left center,lineal japhet
Canterbury Roll,CRZ685,CRC060,null,right,null
Canterbury Roll,CRZ692,CRC063,null,left,null
Canterbury Roll,CRZ693,CRC061,null,right,null
Canterbury Roll,CRZ694,CRC062,null,right,null
Canterbury Roll,CRZ696,CRC065,null,left,null
Canterbury Roll,CRZ697,CRC066,null,left,null
Canterbury Roll,CRZ699,CRC073,null,left,null
Canterbury Roll,CRZ700,CRC064,null,right,null
Canterbury Roll,CRZ701,CRC067,null,right,null
Canterbury Roll,CRZ702,CRC068,null,right,null
Canterbury Roll,CRZ703,CRC070,null,right,null
Canterbury Roll,CRZ703,CRC069,null,right,null
Canterbury Roll,CRZ705,CRC078,null,right center,lineal heptarchy
Canterbury Roll,CRZ706,CRC079,null,right center,lineal heptarchy
Canterbury Roll,CRZ707,CRC071,null,right,null
Canterbury Roll,CRZ716,CRC072,null,right,null
Canterbury Roll,CRZ717,CRC076,null,right,null
Canterbury Roll,CRZ718,CRC074,null,left,null
Canterbury Roll,CRZ719,CRC077,null,right,null
Canterbury Roll,CRZ720,CRC081,null,right,null
Canterbury Roll,CRZ722,CRC080,null,left center,lineal heptarchy
Canterbury Roll,CRZ723,CRC083,null,right center,lineal heptarchy
Canterbury Roll,CRZ724,CRC082,null,left,null
Canterbury Roll,CRZ725,CRC085,null,left,null
Canterbury Roll,CRZ729,CRC086,null,left,null
Canterbury Roll,CRZ730,CRC084,null,right,null
Canterbury Roll,CRZ732,CRC087,null,right,null
Canterbury Roll,CRZ735,CRC089,null,right,null
Canterbury Roll,CRZ738,CRC091,null,left,null
Canterbury Roll,CRZ742,CRC090,null,right,null
Canterbury Roll,CRZ744,CRC092,null,right,null
Canterbury Roll,CRZ745,CRC093,null,right,null
Canterbury Roll,CRZ746,CRC094,null,left,null
Canterbury Roll,CRZ747,CRC095,null,left,null
Canterbury Roll,CRZ748,CRC096,null,left,null
Canterbury Roll,CRZ749,CRC097,null,left,null
Canterbury Roll,CRZ750,CRC098,null,left,null
Canterbury Roll,CRZ751,CRC099,null,left,null
Canterbury Roll,CRZ752,CRC101,null,left,null
Canterbury Roll,CRZ753,CRC100,null,right,null
Canterbury Roll,CRZ754,CRC103,null,left,null
Canterbury Roll,CRZ755,CRC102,null,right,null
Canterbury Roll,CRZ756,CRC104,null,left,null
Canterbury Roll,CRZ757,CRC105,null,left,null
Canterbury Roll,CRZ763,CRC107,null,right,null
Canterbury Roll,CRZ764,CRC106,null,left,null
Canterbury Roll,CRZ765,CRC108,null,right,null
Canterbury Roll,CRZ767,CRC109,null,right,null
Canterbury Roll,CRZ772,CRC110,null,left,null
Canterbury Roll,CRZ773,CRC111,null,right,null
Canterbury Roll,CRZ777,CRC112,null,left,null
Canterbury Roll,CRZ778,CRC113,null,left,null
Canterbury Roll,CRZ780,CRC115,null,left,null
Canterbury Roll,CRZ781,CRC114,null,right,null
Canterbury Roll,CRZ783,CRC116,null,left,null
Canterbury Roll,CRZ784,CRC117,null,left,null
Canterbury Roll,CRZ786,CRC118,null,right,null
Canterbury Roll,CRZ787,CRC119,null,left,null
Canterbury Roll,CRZ788,CRC120,null,left,null
Canterbury Roll,CRZ791,CRC121,null,right,null
Canterbury Roll,CRZ796,CRC122,null,left,null
Canterbury Roll,CRZ797,CRC123,null,left,null
Canterbury Roll,CRZ799,CRC125,null,left,null
Canterbury Roll,CRZ800,CRC126,null,left,null
Canterbury Roll,CRZ801,CRC129,null,left center,nonlineal central
Canterbury Roll,CRZ802,CRC127,null,right,null
Canterbury Roll,CRZ803,CRC128,null,right,null
Canterbury Roll,CRZ804,CRC131,null,left,nonlineal central
Canterbury Roll,CRZ805,CRC130,null,left,null
Canterbury Roll,CRZ806,CRC132,null,left,null
Canterbury Roll,CRZ807,CRC133,null,left,null
Canterbury Roll,CRZ808,CRC134,null,right,null
Canterbury Roll,CRZ809,CRC034,null,left,null
Canterbury Roll,CRZ810,CRC002,null,left,null
Canterbury Roll,CRZ811,CRC003,null,left,null
Canterbury Roll,CRZ812,CRC004,null,left,null
Canterbury Roll,CRZ813,CRC075,null,left,null
Canterbury Roll,CRZ814,CRC088,null,left,null
Canterbury Roll,CRZ815,CRC124,null,right center,lineal central
Canterbury Roll,CRZ816,CRC135,null,left,null
Canterbury Roll,CRZ817,CRC136,null,left,null
Canterbury Roll,CRZ818,CRC137,null,right,null
Canterbury Roll,CRZ819,CRC138,null,right,null
Marshall 135 Roll,MARZ001,MARC001,null,right,null
Marshall 135 Roll,MARZ002,MARC002,null,right center,lineal central
Marshall 135 Roll,MARZ003,MARC003,null,left center,lineal central
Marshall 135 Roll,MARZ004,MARC004,null,right,null
Marshall 135 Roll,MARZ100,null,MARN100,center,lineal central
